finding_id,track,source_record_id,source_file,journal_volume_issue_year,article_title,author,community_group,page_locator,printed_page_number,supporting_excerpt,source_access,evidence_type,exact_factual_observation,what_source_establishes,what_source_does_not_establish,author_interpretation,alternative_interpretation,response_process,outcome,transferability,article_gap_status,likely_article_destination,confidence,external_verification_needed,notes
F-001,Track A direct,M-0163,006-anarchy-community-at-modern-times-1851-1863.pdf,"Vol. 3, no. 1 (1983)","Anarchy & Community at Modern Times, 1851-1863",John Calvin Spurlock,Modern Times,PDF pp. 17-18 of article file; printed pp. 45-46,45-46,,full text,historical secondary,A retrospective account says residents informally refused trade and speech to people considered undesirable until they left.,The settlement used distributed ostracism as a non-state removal mechanism.,"It does not document allegations, notice, appeal, proportionality, or the removed people's accounts.",Informal community pressure substituted for formal government.,"The account may exaggerate coherence and is based on a late, hostile, pseudonymous source.",Collective refusal of economic and social contact.,Targets reportedly left; no later safety or reintegration outcome is recorded.,Useful mainly as a warning that separation power needs explicit procedure.,C,From visitor to member / a new discipline-and-separation section,low,yes,The cited 1870 account postdates the nominal 1851-1863 study period.
F-002,Track A adjacent,M-0163,006-anarchy-community-at-modern-times-1851-1863.pdf,"Vol. 3, no. 1 (1983)","Anarchy & Community at Modern Times, 1851-1863",John Calvin Spurlock,Modern Times,PDF p. 17; printed p. 45,45,,full text,historical secondary,The same informal sanction was used against a woman whose dress and publicity offended local norms; she left.,A removal tool aimed at harmful conduct can also enforce conformity.,It does not establish that the woman posed a safety risk.,The episode illustrates community standards operating without law.,It may instead show gendered norm enforcement and reputational punishment.,Public criticism and social pressure.,Departure.,"Any expulsion system needs a conduct threshold, protected nonconformity, and review.",C,From visitor to member / governance safeguards,medium,yes,Relevant precisely because the target was not shown to be dangerous.
F-003,Track A direct,M-0202,020-the-ashram-of-graton-road-morning-star-ranch-a-california-commune-in-the-1960-s.pdf,"Vol. 4, no. 1 (1984)","The Ashram of Graton Road: Morning Star Ranch, a California Commune in the 1960's",Jefferson P. Selth,Morning Star Ranch,PDF pp. 4-8; printed pp. 207-211,207-211,access denied to none,full text,participant-observer historical account,"An open-access rule and near-absence of resident rules coincided with a large nonworking transient population, serious sanitation failures, and incidents involving knives, guns, assault, and hepatitis.",Warmth and unrestricted entry did not supply a safety boundary or carrying-capacity control.,It does not isolate which governance change would have prevented each incident.,The author treats principled openness and administrative incapacity as central to collapse.,County hostility and code enforcement also materially shaped the ending.,Little internal screening or enforceable discipline; county legal and health processes became the operative boundary.,The county closed the settlement and structures were demolished.,"High: admissions, minimum conduct, health capacity, and emergency authority must be designed together.",A,From visitor to member / math of absorption,high,no,"The current article already uses an open-door failure; this is an independent, concrete case."
F-004,Track A direct,M-0225,009-the-brotherhood-of-the-sun-1969-1985-a-memoir.pdf,"Vol. 5, no. 1 (1985)","The Brotherhood of the Sun, 1969-1985: A Memoir",Melanie Arcudi and Pauline Meyer,Brotherhood of the Sun,PDF pp. 3-7; printed pp. 84-88,84-88,,full text,participant memoir with editorial framing,"A council remained subject to Norman Paulsen's approval while many members reportedly did not know about a weapons arsenal; the memoir also alleges substance misuse, unchecked spending, and arrests involving impaired driving and assault with a deadly weapon.","Nominal councils do not constrain a leader who controls information, security, and final approval.",The memoir alone does not independently prove every allegation or establish criminal disposition.,The authors present leader capture and secrecy as causes of decline.,Some details may reflect a dissident faction's retrospective account.,Internal protest followed by expulsion; later litigation by former members.,Population fell sharply; property was sold; the lawsuit did not deliver a documented remedy.,High for structural warning; lower for individual allegations.,B,Founderism: the four questions,medium,yes,"Do not diagnose the leader; verify arrests, property, and litigation before publication."
F-005,Track A direct,M-0225,009-the-brotherhood-of-the-sun-1969-1985-a-memoir.pdf,"Vol. 5, no. 1 (1985)","The Brotherhood of the Sun, 1969-1985: A Memoir",Melanie Arcudi and Pauline Meyer,Brotherhood of the Sun,PDF pp. 5-7; printed pp. 86-88,86-88,,full text,participant memoir,Members who protested were reportedly expelled after eight to ten years without financial assistance and labeled traitors.,"Exit can be formally available yet punitive when livelihood, equity, identity, and reputation are leader-controlled.",It does not provide a complete accounting of contributions or governing documents.,The memoir treats the expulsions as retaliation and dispossession.,The leadership's justification is not presented in comparable detail.,Leader-controlled removal and reputational labeling.,Departure without documented settlement; attempted group lawsuit failed.,"High as a design question: separation must include neutral accounting, anti-retaliation, and appeal.",C,Money and land / exit terms,medium,yes,Pair with independent records before naming specific alleged wrongdoing in the article.
F-006,Track A direct,M-0192,010-darkness-into-light-laurence-oliphant-s-experience-of-communal-discipline-in-the-united-states-palestine.pdf,"Vol. 4, no. 1 (1984)",Darkness into Light: Laurence Oliphant's Experience of Communal Discipline in the United States & Palestine,Anne Taylor,Brotherhood of the New Life / Thomas Lake Harris,PDF pp. 4-9; printed pp. 90-95,90-95,,full text,archival biography,"Harris claimed unusual access to followers' thoughts and used humiliation, isolation, exhausting labor, food and sleep deprivation, and alleged beatings; Oliphant remained for more than a decade before outside family support helped him leave.","Spiritualized surveillance plus deprivation can disable internal resistance, and ordinary outside ties can become exit infrastructure.",The article does not supply a comparative sample or a formal intervention evaluation.,Taylor describes a progression from enchantment to domination and escape.,"A follower might have described some practices as voluntary discipline, but the deprivation and violence claims undermine meaningful consent.",Personal domination; eventual support from wife and family rather than an internal remedy.,Oliphant exited and publicly broke with Harris.,High for non-waivable rights and protected external contact.,C,Founderism / a new non-waivable rights safeguard,medium,yes,Verify the most serious abuse and suicide claims in Taylor's underlying biography before publication.
F-007,Both,M-0229,013-redemptory-intimacy-the-family-culture-of-the-unification-church.pdf,"Vol. 5, no. 1 (1985)",Redemptory Intimacy: The Family Culture of the Unification Church,Arthur S. Parsons,Unification Church,PDF pp. 3-31; printed pp. 139-167,139-167,,full text,participant observation and interviews,"Personal disclosure and confession were routed upward to central figures; members were pressured to confess disapproved feelings, while acceptance and emotional uplift followed compliance.",A practice can feel intimate and therapeutic while supplying information and leverage to a hierarchy.,It does not measure long-term clinical benefit or compare participants with nonparticipants.,Parsons argues that emotional intimacy organizes personalized social control.,Participants may have experienced genuine support alongside control; the two are not mutually exclusive.,"Disclosure, correction by superiors, and conditional approval.","The article documents obedience and solidarity, not an independent safety or recovery outcome.",High: care data should be confidential and structurally separated from sanctions and membership decisions.,C,Peer counseling / the four domains,high,no,Mechanism is more transferable than the paper's broad characterization of members.
F-008,Both,M-0229,013-redemptory-intimacy-the-family-culture-of-the-unification-church.pdf,"Vol. 5, no. 1 (1985)",Redemptory Intimacy: The Family Culture of the Unification Church,Arthur S. Parsons,Unification Church,PDF pp. 25-38; printed pp. 161-174,161-174,,full text,participant observation and interviews,Rules were displaced by personalized accountability to spiritual superiors; aggression was redirected inward as personal failure or outward toward the secular world.,Distributed emotional practice is not by itself distributed authority; informal personalism can be more controlling than explicit rules.,The article does not show that all intimate practice has this effect.,The author concludes that intimacy in this case thrives on authoritarian personalism.,"The mechanism depends on hierarchy, compulsory disclosure, and fused roles, not intimacy alone.",Correction through personal superiors rather than impersonal rights or review.,High solidarity and self-sacrifice; no demonstrated independent remedy for abuse of authority.,"High if framed as a firewall requirement, not an indictment of peer counseling.",D,The four domains / community as therapist,high,no,Direct challenge to treating healing capacity as sufficient protection against capture.
F-009,Track A adjacent,M-0282,005-the-status-and-self-perception-of-women-in-the-oneida-community.pdf,"Vol. 8, no. 1 (1988)",The Status and Self-Perception of Women in the Oneida Community,Ellen Wayland-Smith,Oneida Community,PDF pp. 34-38; printed pp. 49-53,49-53,,full text,archival analysis of private letters and diaries,"The author finds roughly equal male and female status but also shared submission to Noyes, whose authority was fused with divine authority; later letters describe pressure and regret.","Horizontal equality can coexist with vertical domination, so within-group parity is an incomplete freedom test.",The study closely analyzes only a few writers and emphasizes the breakup period.,Dependence on Noyes's mediated will limited broader liberation.,Members also described genuine connection and benefits; retrospective regret did not make every aspect coercive.,Mutual criticism and leader-defined spiritual obedience.,Community cohesion weakened as members began interpreting belief independently; the community later broke up.,"High as an evaluation lens: ask who can define reality, not only who is equal to peers.",B,Founderism / success criteria,medium,no,The paper's gender theory is dated; the archival power evidence remains useful.
F-010,Track A adjacent,M-0286,009-donald-vose-home-grown-traitor.pdf,"Vol. 8, no. 1 (1988)",Donald Vose: Home Grown Traitor,Anitra Balzer,Home Colony,PDF pp. 8-14; printed pp. 97-103,97-103,,full text,historical biography,Vose informed investigators in a case arising from the 1910 Los Angeles Times bombing and was subsequently framed by former associates as a traitor and ostracized.,A community's harmful-person label can be inverted against an informer or dissident.,The article does not neutrally establish Vose's motives or every disputed event.,Balzer presents Vose as a morally compromised traitor.,The same record can be read as a warning about loyalty norms punishing external reporting.,Reputational condemnation and social exclusion.,Vose testified; the defendants were convicted; he remained estranged from the community.,High for protected reporting; low for conclusions about Vose's character.,C,Governance safeguards / external reporting,medium,yes,"Use as a framing caution, not a heroic or villainous biography."
F-011,Track A adjacent,M-0285,008-jonestown-and-bishop-hill-continuities-and-disjunctures-in-religious-conflict.pdf,"Vol. 8, no. 1 (1988)",Jonestown and Bishop Hill: Continuities and Disjunctures in Religious Conflict,John R. Hall,Peoples Temple and Bishop Hill,PDF pp. 6-13; printed pp. 82-89,82-89,,full text,comparative historical interpretation,"Both cases involved escalating conflict with defectors, relatives, custody claims, and outside authorities; the paper notes that children at Jonestown did not knowingly consent and that some adults were coerced.",External-contact and child-custody conflicts can become siege triggers when no trusted interface or appeal exists.,It does not show that outside intervention caused the underlying coercion or that a protocol would have prevented escalation.,Hall gives substantial causal weight to sect-opponent conflict and apocalyptic framing.,"The comparison risks over-symmetrizing leaders, coerced residents, relatives, and officials.","Ad hoc confrontation among leaders, relatives, courts, media, and officials.",Murder-suicide at Jonestown; assassination and later institutional dissolution at Bishop Hill.,Moderate: design trusted escalation and visitor/custody procedures before crisis.,F,Children / legal coupling / external oversight,medium,yes,Any publication use needs more balanced Jonestown sources.
F-012,Track A negative-result support,M-0253,012-the-use-of-structural-arrangements-and-organizational-strategies-by-urban-communes.pdf,"Vol. 6, no. 1 (1986)",The Use of Structural Arrangements and Organizational Strategies by Urban Communes,William L. Smith,Seven urban religious communes,PDF pp. 8-21; printed pp. 125-137,125-137,,full text,small comparative questionnaire study,"The study codes confession, mutual criticism, sanctions, reprimands, rules, trial membership, hierarchy, and permanent expulsion as commitment mechanisms but gives almost no case-level process or outcome detail.",A research tradition measured structures associated with commitment while leaving fairness and safety outcomes largely unobserved.,"It does not establish that any listed mechanism caused survival, safety, or harm.",The author explores Kanter-style commitment mechanisms and calls for a larger study.,Gatekeeper-selected respondents and self-report may make high-control structures look orderly.,"Varied sanctions and expulsions, details mostly absent.",No traceable post-intervention outcomes.,High as a research-gap finding; low as evidence for any particular rule.,C,Research/school function / success criteria,medium,no,A useful null about what the journal literature records.
F-013,Track A adjacent,M-0283,006-foreign-volunteers-in-the-kibbutz-the-dilemma-of-ideology-vs-the-work-force.pdf,"Vol. 8, no. 1 (1988)",Foreign Volunteers in the Kibbutz: The Dilemma of Ideology vs. The Work Force,Shalom Endleman,Kibbutzim,PDF pp. 9-12; printed pp. 62-65,62-65,,full text,six-month participant observation plus interviews and newspaper material,Temporary volunteers lacked access to formal decision-making and said they were blamed for drug use and other youth misconduct that members were reluctant to identify or punish internally.,A low-voice outsider group can become the default suspect when internal accountability is weak.,The article does not adjudicate the underlying drug allegations case by case.,Mutual distrust followed a deteriorating labor exchange.,Members also raised real boundary and child-influence concerns; scapegoating and genuine risk may coexist.,"Complaints among volunteers, increased segregation, stay limits, screening, orientation, and in three cases program termination.",No formal grievance outcome; some programs ended.,"High: temporary residents need conduct rules, voice, grievance access, and evidence-based attribution.",C,Membership pipeline / governance safeguards,high,no,Avoid treating either volunteers' or members' allegations as fully verified.
F-014,Track B,M-0226,010-success-in-intentional-communities-the-problem-of-evaluation.pdf,"Vol. 5, no. 1 (1985)",Success in Intentional Communities: The Problem of Evaluation,Jonathan Wagner,Intentional communities generally,PDF pp. 1-12; printed pp. 89-100,89-100,,full text,conceptual and literature review,"Wagner separates goal attainment, social merit, longevity, size, cohesion, influence, and personal growth and shows that the criteria can conflict.","Success is a vector of named outcomes, not one verdict.",The paper does not validate a modern measurement instrument.,Ambiguous criteria let analysts reach nearly any preferred conclusion.,A shorter dashboard could preserve the insight without importing all seven criteria.,Not applicable.,Methodological outcome: evaluation claims become criterion-specific.,Very high for article framing.,B,Why communities fail / plan the funeral,high,no,Use specific outcome terms rather than success or failure alone.
F-015,Both,M-0226,010-success-in-intentional-communities-the-problem-of-evaluation.pdf,"Vol. 5, no. 1 (1985)",Success in Intentional Communities: The Problem of Evaluation,Jonathan Wagner,Intentional communities generally,PDF pp. 7-11; printed pp. 95-99,95-99,,full text,conceptual and literature review,The paper warns that cohesion and member-reported fulfillment can rate authoritarian groups highly and can conceal planned exit or harm.,"Cohesion, testimony, and longevity are not safety proxies.",The examples do not quantify how often such false positives occur.,Evaluation must name the value being measured.,Cohesion remains a legitimate outcome if separately reported and not moralized.,Not applicable.,A group may look cohesive while suppressing autonomy or safety.,Very high for an explicit evaluation safeguard.,D,Founderism / community as therapist / success criteria,high,no,Directly complicates the article's reliance on observable flourishing and relational vitality.
F-016,Track B,M-0245,004-intergenerational-discontinuity-in-the-israeli-kibbutz.pdf,"Vol. 6, no. 1 (1986)",Intergenerational Discontinuity in the Israeli Kibbutz,Jack Quarter,Two Israeli kibbutzim,PDF pp. 17-28; printed pp. 17-27,17-27,,full text,participant observation interviews and small surveys,"Time-away and return policies reduced insecurity, supported exploration, and preserved a route home; former-member stigma had also declined.",An outward door works better when it includes a reversible moratorium and dignified reintegration.,The study is limited to two kibbutzim and cannot isolate causal effects.,Modernization creates both autonomy and retention tension.,Easy return may increase short-term departure while reducing permanent rupture.,"Authorized time away, family support, and return eligibility.","Substantial departure; some return; later education, work, and partners can make return harder.",High for exit and alumni design.,B,What the children will say / plan the funeral,high,no,Do not treat retention as the only desired outcome.
F-017,Track A child-adjacent,M-0245,004-intergenerational-discontinuity-in-the-israeli-kibbutz.pdf,"Vol. 6, no. 1 (1986)",Intergenerational Discontinuity in the Israeli Kibbutz,Jack Quarter,Two Israeli kibbutzim,PDF pp. 22-25; printed pp. 22-24,22-24,,full text,participant observation interviews and small surveys,The comprehensive child peer group supplied independence and support but could also be harsh toward individual children.,Collective childrearing shifts some power from parents to peers; the peer group itself needs safeguarding.,It does not document a persistently dangerous child or evaluate a protection protocol.,Peer centrality is both a resource and a cost.,The harshness may vary by cohort and institutional design.,No specific case response is documented.,No traceable child-safety outcome.,"Moderate: add adult oversight, confidential reporting, and options outside a single peer cohort.",C,What the children will say about you,medium,no,"Adjacent, not responsive to the dangerous-child question."
F-018,Track B,M-0221,005-the-kibbutz-as-an-alternative-living-community-and-the-role-of-education.pdf,"Vol. 5, no. 1 (1985)",The Kibbutz as an Alternative Living Community and the Role of Education,Maria Folling-Albers,Kibbutzim,PDF pp. 6-8; printed pp. 38-39,38-39,,full text,historical and educational analysis,The author argues that voluntary adult membership requires professional training adequate for life outside the kibbutz; earlier expectations had burdened departures with guilt.,Exit is not fully voluntary if a community-raised young adult lacks portable livelihood capacity.,The article does not compare specific credential programs or later earnings.,Education must enable a real choice for or against membership.,Portable capability may also increase attrition while making retained membership more voluntary.,Professional training plus an explicit adult choice.,About half of youth were reported to apply for membership; individual outcomes are not followed.,High for child and exit design.,B,What the children will say about you,high,no,Adds material capability to the article's moral permission to leave.
F-019,Track B,M-0247,006-a-workshop-for-the-education-and-formation-of-communal-households.pdf,"Vol. 6, no. 1 (1986)",A Workshop for the Education and Formation of Communal Households,Ronda Heard and Susan Berger,Interhouse,PDF pp. 2-10; printed pp. 41-49,41-49,,full text,program report by facilitators,"Households formed through a premove workshop were described as more stable, responsible, and crisis-resistant than rapid or advertisement-based placements; workshops used values comparison, conflict practice, consensus training, and group simulation.",Selection improves when prospective members practice together under realistic conditions before co-residence.,"No controlled comparison, denominator, or statistical test is supplied.",The facilitators attribute better functioning to preparation and group formation.,Facilitator enthusiasm and selection effects may explain part of the difference.,"Originally 40 hours, later shortened; real exercises and core-group formation.",Described as fewer crises and greater stability.,"Moderate; suitable as a candidate design, not a proven effect size.",B,From visitor to member,medium,no,The article's exercises involving disclosure also need privacy boundaries.
F-020,Track B,M-0247,006-a-workshop-for-the-education-and-formation-of-communal-households.pdf,"Vol. 6, no. 1 (1986)",A Workshop for the Education and Formation of Communal Households,Ronda Heard and Susan Berger,Interhouse,PDF pp. 3-4; printed pp. 42-43,42-43,,full text,program report by facilitators,"Outside mediators were underused because residents distrusted them, leading the program to build the mediator relationship when a house formed rather than after crisis.",Independent help is more usable if legitimacy and familiarity exist before conflict.,The paper does not quantify mediation uptake or effectiveness after the policy change.,Early relationship-building should reduce resistance to outside help.,A mediator may still be distrusted or conflicted unless selection and confidentiality are explicit.,Pre-established circuit-rider relationship.,No measured outcome yet reported.,High as a low-cost design principle; evidence strength is moderate.,C,Membership pipeline / conflict architecture,medium,no,Pairs with an independent appeal channel rather than replacing it.
F-021,Track B,M-0194,012-the-contributions-of-accounting-to-the-early-success-of-the-harmonists.pdf,"Vol. 4, no. 1 (1984)",The Contributions of Accounting to the Early Success of the Harmonists,Tonya K. Flesher and Dale L. Flesher,"Harmony Society, New Harmony, Shakers, Oneida",PDF pp. 2-12; printed pp. 110-120,110-120,,full text,archival accounting history,"The Harmony articles specified withdrawal refunds and service-based payments; several communities used budgets and departmental accounts, while trust without internal controls enabled hidden funds, losses, and failed legal proof.","Accounting, internal control, and exit valuation are governance safeguards, not merely business administration.",Recordkeeping alone does not prevent leader capture or prove overall success.,Sophisticated managerial accounting contributed to organizational capacity; weak controls created avoidable losses.,The same accounting system can also intensify surveillance unless member rights govern its use.,"Budgets, recurring reports, inventories, refund rules, and internal controls.",Improved management in some cases; material loss and costly litigation where records were absent.,High for operational design.,C,Money and land / founderism,high,no,Especially relevant to community-held property and member equity.
F-022,Track B,M-0281,004-the-rise-and-fall-of-utopia-the-oneida-community-crises-of-1852-and-1879.pdf,"Vol. 8, no. 1 (1988)",The Rise and Fall of Utopia: The Oneida Community Crises of 1852 and 1879,Lawrence Foster,Oneida Community,PDF pp. 13-18; printed pp. 13-17,13-17,,full text,historical synthesis,"After leadership, value, and sexual-status crises, Oneida ended complex marriage and converted to a joint-stock form after consultation, with provisions concerning children.",Institutional transformation can preserve assets and relationships when the original form ends.,The paper is comparatively sympathetic and does not resolve coercion in Oneida's sexual hierarchy.,Foster interprets the transition as adaptation rather than simple failure.,The transition can be both adaptive and a response to accumulated domination and conflict.,"Consultation, rule change, and legal-economic conversion.",The communal form ended; a successor enterprise continued.,High for succession and dissolution planning; use a more balanced source for sexual governance.,A,Plan the funeral at the wedding,medium,yes,Supports an existing article idea with a historical mechanism.
F-023,Track B,M-0165,008-intercommunal-relationships-among-nineteenth-century-communal-societies-in-america.pdf,"Vol. 3, no. 1 (1983)",Intercommunal Relationships among Nineteenth-century Communal Societies in America,Otohiko Okugawa,270 nineteenth-century communes,PDF pp. 13-15; printed pp. 80-82,80-82,,full text,historical database analysis,"Members, practices, and personnel frequently moved among communities at founding, during operation, and after dissolution; many residents of dissolved groups joined other communal efforts.",Movement-level continuity can exceed the lifespan of any single institution.,The database's completeness and coding reliability are not independently evaluated here.,Intercommunal relationships are central to understanding communal vitality.,Migration may reflect individual survival rather than intentional federation.,"Branching, schism, relocation, imitation, and member migration.",Ideas and members persisted across organizational deaths.,"High for alumni, fork, and federation design.",B,Founderism / plan the funeral,high,no,Sharpens the article's existing fork idea with movement-level evidence.
F-024,Track B,M-0166,009-communes-the-outside-world-seclusion-involvement.pdf,"Vol. 3, no. 1 (1983)",Communes & the Outside World: Seclusion & Involvement,Yaacov Oved,Historical religious and socialist communes,PDF pp. 6-10; printed pp. 88-92,88-92,,full text,historical comparison,"Even separatist communities depended on markets, law, neighbors, and visitors; remote socialist colonies often spent their energy on subsistence, lost skilled members, and failed to influence wider society.","External coupling is unavoidable, and cheap remoteness can reverse a movement's intended mission.",The comparison is selective and does not specify an optimal degree of separation.,Viable groups find context-specific combinations of detachment and involvement.,Remote survival may be the intended goal for some communities rather than a failure.,"Trade, legal compliance, neighbor relations, tourism, and labor mobility.",Some remote change-oriented colonies became isolated and fragile.,High for a coupling and site-selection matrix.,B,Selecting your couplings / a note on Africa,high,no,Avoid treating seclusion and involvement as one linear scale.
F-025,Track B,M-0231,015-job-harriman-and-llano-del-rio-the-chimerical-quest-for-a-secular-utopia.pdf,"Vol. 5, no. 1 (1985)",Job Harriman and Llano del Rio: The Chimerical Quest for a Secular Utopia,Knox Mellon,Llano del Rio,PDF pp. 7-13; printed pp. 200-206,200-206,,full text,historical synthesis using minutes and correspondence,"Llano admitted more people than its water, soil, food, and agricultural skill base could support; leadership conflict and debt compounded the ecological error, while dissidents included both low contributors and highly skilled hard workers.","Values fit and personal need ratios cannot substitute for site carrying capacity, capability mix, or fair treatment of dissent.",Conflicting participant testimony prevents a simple causal ranking.,"The author attributes failure to environmental, financial, political, and human factors.","Some complaints may reflect factional struggle, but labeling all critics as lazy is unsupported.","Commission disputes, resignations, departures, and eventual relocation attempts.",Population collapsed; the California colony failed.,High for intake math and dissent safeguards.,B,Math of absorption / founderism,high,no,Strong complication of moralized member categories.
F-026,Track B,M-0269,010-the-utopian-project-in-a-communal-experiment-of-the-1930-s-the-sunrise-colony-in-historical-and-comparative-pe.pdf,"Vol. 7, no. 1 (1987)",The Utopian Project in a Communal Experiment of the 1930's: The Sunrise Colony in Historical and Comparative Perspective,Francis Shor,Sunrise Colony,PDF pp. 4-13; printed pp. 85-94,85-94,,full text,historical comparison,"Recruitment downplayed debt and swampy land; screening did not resolve heterogeneous aims, farming-skill gaps, and labor conflict; work rules and fines followed, and debt plus weak farm prices helped end the project.","Recruitment truthfulness, task capability, site economics, and labor governance belong in the membership pipeline.",The paper does not isolate the effect of screening from the Depression-era economy.,The author emphasizes the interaction of utopian aspiration with material and political conditions.,"Government support and market changes, not only internal design, shaped survival.","Screening, labor managers/boards, work-day rules, and fines.",Persistent conflict and eventual failure after economic support weakened.,High for pre-purchase and pre-admission checks.,B,Choose by values / math of absorption / money and land,high,no,Values agreement is necessary but not sufficient.
F-027,Track A child-adjacent,M-0187,005-the-decline-of-the-shakers-evidence-from-the-united-states-census.pdf,"Vol. 4, no. 1 (1984)",The Decline of the Shakers: Evidence from the United States Census,William Sims Bainbridge,Shakers,PDF pp. 10-16; printed pp. 28-34,28-34,,full text,census linkage and historical records,"Many children entered with disrupted families; retention was low, especially among young males, and the communities functioned partly as refuges while bearing education and care obligations.",A community that admits vulnerable families can become a de facto care institution whether or not it planned to.,Surname and census inference cannot reconstruct each child's welfare or reasons for leaving.,Recruitment failed to offset defection and mortality.,Low retention may represent successful temporary refuge rather than failed childrearing.,"Long-term residence, schooling, and religious socialization; individual interventions are not described.",Most entrants did not remain for life.,Moderate: capacity planning must include care duties and transition support.,B,Math of absorption / children,medium,no,"Adjacent to, not a direct dangerous-child case."
F-028,Track B,M-0283,006-foreign-volunteers-in-the-kibbutz-the-dilemma-of-ideology-vs-the-work-force.pdf,"Vol. 8, no. 1 (1988)",Foreign Volunteers in the Kibbutz: The Dilemma of Ideology vs. The Work Force,Shalom Endleman,Kibbutzim,PDF pp. 2-13; printed pp. 55-66,55-66,,full text,six-month participant observation plus interviews and newspaper material,"Volunteers supplied about 7.3 percent of work hours but remained segregated, transient, low-voice workers doing undesirable jobs; both members and volunteers came to perceive exploitation.",An egalitarian member economy can externalize hierarchy onto volunteers or nonmembers.,The percentage and marriage counts rely partly on contemporaneous institutional and newspaper sources.,A structural labor shortage transformed an ideological exchange into a class boundary.,"Temporary work can be mutually beneficial if terms, voice, learning, and duration are genuinely fair.","Shorter workdays and material support alongside social separation; later screening, orientation, automation, or program closure.",Continued labor dependence with alienation; three kibbutzim ended programs by 1986.,"High for role, voice, compensation, and grievance design for nonmembers.",C,Labor and membership architecture,high,no,A major unexpected Track B finding.
F-029,Track B,M-0284,007-utopia-and-reality-some-contradictions-and-challenges-in-kibbutz-education.pdf,"Vol. 8, no. 1 (1988)",Utopia and Reality: Some Contradictions and Challenges in Kibbutz Education,Dov Darom,Kibbutzim,PDF pp. 1-10; printed pp. 67-76,67-76,,full text,educational essay with cited statistics,Children noticed the gap between professed ideals and ordinary practice; the author argues for explicit value education that also protects a student's right to reject community values.,"A community school needs institutional honesty about failures and an explicit right to dissent, not indoctrination or value-neutrality.",The essay does not evaluate a specific curriculum or long-term child outcomes.,Utopia and reality must be taught as a productive tension.,The framework may understate power differences between educator and community-raised child.,"Explicit discussion, behavioral modeling, and protected disagreement.",No measured outcome; roughly half of kibbutz-born youth were said to leave.,Moderate to high for educational governance.,B,What the children will say / internal school-research function,medium,no,The article's present child audit is retrospective; this adds an in-process right to disagree.
F-030,Source-quality warning,M-0252,011-the-rajneesh-experience-a-report.pdf,"Vol. 6, no. 1 (1986)",The Rajneesh Experience: A Report,Louis C. Androes,Rajneeshpuram,PDF pp. 1-17; printed pp. 101-117,101-117,,full text,first-person descriptive report,"The report portrays free exit, changing elected leadership, and little coercion; an editorial note states it was written before the leader's arrest and deportation and publishes it as a first-hand document rather than an authoritative assessment.",Access-rich or participant-adjacent observation can miss concealed or later-emerging harm.,This article by itself does not establish which claims were false when written.,"The author viewed work-as-worship and leadership favorably, with only a mild warning about dogma.",The report's incompleteness may reflect timing and access rather than bad faith.,No documented internal correction process.,Later events overtook the snapshot; the article does not analyze them.,High as a source-audit rule; low as substantive governance evidence.,F,Research method / source cautions,high,yes,Do not use its favorable claims as confirmed facts.
F-031,Track A negative result,,Volumes 1-8 discovery corpus,Volumes 1-8 (1981-1988),Cumulative targeted search and issue-by-issue discovery scan,Research checkpoint,Communal Societies volumes 1-8,163 PDFs; 28 relevant close reads,,No direct documented case found,full extracted corpus,systematic search result,"Across all 163 PDFs, the search found adult leader-harm cases, shunning and expulsion cases, child education and retention studies, and peer-group risks, but no strong case of managing a persistently dangerous child with documented allegation, assessment, intervention, review, and later outcome.",The specified evidence pattern is absent from the completed chunk under the recorded vocabulary and discovery scan.,"It does not prove that no such case exists in later volumes, standalone sources, unindexed archives, or different historical terminology.",Not applicable.,"Sparse reporting may reflect archival silence, euphemism, or the journal's research priorities.",Not applicable.,Bounded null for volumes 1-8.,High for this chunk; none for the full literature until the corpus is complete.,F,Research/school function / dangerous-person section,high,no,Continue forward; do not repeat this chunk's searches absent a new term or citation.
F-032,Track B negative result,M-0188,006-communal-societies-as-cyclical-phenomena.pdf,"Vol. 4, no. 1 (1984)",Communal Societies as Cyclical Phenomena,Michael Barkun,United States communal movements,PDF pp. 1-14; printed pp. 35-48,35-48,,full text,historical synthesis,"The paper identifies several historical waves of communal formation and links some to collective stress, but volumes 1-8 cannot substantiate the current article's claim of a present-day surge.",Historical cyclicality makes a contemporary revival plausible enough to test.,It provides no evidence about 2024-2026 interest or formation rates.,Communal waves are related to wider social and sometimes millennial currents.,"The 1960s wave did not fit every earlier economic pattern, so one causal template is unsafe.",Not applicable.,Historical waves documented; present trend unresolved.,"High as a verification flag, not as current evidence.",F,"Suddenly Communes Are Hot, Again",high,yes,Requires current data outside this historical corpus.
F-033,Track B,M-0317,006-the-sunrise-cooperative-farm-community-a-collectivist-utopian-experiment.pdf,"Vol. 10, no. 1 (1990)",The Sunrise Cooperative Farm Community: A Collectivist Utopian Experiment,Christina M. Lemieux,Sunrise Cooperative Farm Community,PDF pp. 25 and 29-30; printed pp. 62 and 66-67,"62, 66-67",,full text,"historical case study using community records, letters, bylaws, audit material, and later interviews","Applicants ordinarily faced a committee, health examination, $500 nonrefundable fee, and one-year probation; after a premature land purchase created urgent debt, advertising sought entrance fees and the source says screening became only a physical examination, forcing admission of people the colony would have preferred to avoid.","Startup finance was directly coupled to admissions, so cash pressure weakened the colony’s own screening design.","It does not show that the admitted people were dangerous or predatory, or that ideological screening alone would have prevented failure.","The author treats the debt-producing prehistory, heterogeneous philosophies, missing practical skills, and weak structure as interacting causes.","Depression-era economics, poor land choice, and factional politics may have mattered as much as admissions.","Screening committee, health examination, entrance fee, and probation; later the money emergency overrode the intended filter.","Factionalism, labor conflict, chronic turnover, and debt preceded the colony’s end.",High: finance community formation independently of entrance fees needed to say yes.,B,From visitor to member / math of absorption / money and land,high,no,DOI: https://doi.org/10.9707/0739-1250.1801
F-034,Track B,M-0304,010-ralahine-ireland-s-lost-utopia.pdf,"Vol. 9, no. 1 (1989)",Ralahine: Ireland's Lost Utopia,Vincent Geoghegan,Ralahine,PDF pp. 7-9 and 14; printed pp. 96-98 and 103,"96-98, 103",,full text,historical secondary analysis,"Members could make complaints, vote on membership and expulsion, and alter many rules, but the landlord-founder held an absolute admissions veto, chaired the society and committee, appointed key officers, held a first-year expulsion power, and exempted the business and expulsion arrangements from amendment. His gambling bankruptcy ended the community; members had no legal claim for their improvements.","Participatory meetings did not protect the group because decisive legal, asset, appointment, and agenda power remained unilateral.",It does not show that voting and complaint processes were useless in ordinary matters or that any particular expelled person was dangerous.,The author calls dependence on an individual with divergent interests a fatal structural flaw and says democracy was confined to membership business and details.,"The arrangement reflected nineteenth-century landlord law and the founder’s indispensable financing, not only a deliberate democratic facade.","Committee complaints, general meetings, suggestion book, ballots, and limited rule amendment operated beneath reserved founder powers.",Founder bankruptcy caused sale and eviction; members were treated legally as laborers without claims to the value they created.,"High for separating operating voice from title, reserved powers, and member equity.",B,Founderism / money and land / plan the funeral,high,no,DOI: https://doi.org/10.9707/0739-1250.1820
F-035,Track A direct,M-0301,007-the-aquarian-foundation.pdf,"Vol. 9, no. 1 (1989)",The Aquarian Foundation,James A. Santucci,Aquarian Foundation / Cedar-by-the-Sea,PDF pp. 16 and 18-19; printed pp. 53 and 55-56,"53, 55-56",,full text,"historical secondary synthesis using institutional publications, court reporting, newspapers, and later accounts","The bylaws provided seven governors but gave broad discretion to a president for life; the source reports physical abuse by the leader’s agent, the banishment and destitution of twelve dissenters, civil awards to two plaintiffs, and the leader’s destruction of community assets and flight before the Foundation disbanded.","A nominal board did not constrain concentrated lifetime authority; expulsion after asset surrender compounded abuse, and a successful civil remedy was followed by retaliatory destruction.",The sparse record and sensational court and newspaper coverage do not independently establish every abuse allegation or the amount allegedly taken.,The author attributes the leader’s hold to charisma and the later collapse to self-aggrandizement and cruelty.,"Some allegations may have been amplified by tabloid framing, factional conflict, or retrospective storytelling.",A 1928 court challenge by internal officers ended without trial; disaffected leaders left; later banished members sued for donated property.,Plaintiffs received awards and title; the leader destroyed property and fled; the Foundation dissolved.,High as a capture and remedy-stress case; allegations need corroboration before being named in publication.,C,Founderism / fair separation / money and land,medium,yes,Source itself warns about sparse records and sensationalism. DOI: https://doi.org/10.9707/0739-1250.1817
F-036,Track A legal boundary,M-0346,004-communal-groups-and-the-larger-society-legal-dilemmas.pdf,"Vol. 12, no. 1 (1992)",Communal Groups and the Larger Society: Legal Dilemmas,Carol Weisbrod,Communal and religious groups,PDF pp. 12-17; printed pp. 11-16,11-16,,full text,legal analysis with historical case examples,"The article states that crime is not excused as a group sanction and that private execution and private incarceration are forbidden. In a 1947 Amish shunning case a jury awarded damages and an injunction, but the order was not followed and the dispute continued; the article also notes that courts cannot mandate intimate relations and that collective shunning can become individual avoidance.","A community’s response to danger remains bounded by public law, while litigation or injunction alone may fail to repair relational and economic harm.","It does not state current law in any particular jurisdiction, validate a specific separation protocol, or show that every form of shunning is unlawful.",The author uses shunning to examine conflicts between group and state legal orders and the practical limits of legal remedies.,"The doctrine and cited cases are dated, and later law or another jurisdiction may balance group autonomy and individual injury differently.","Tort claims, damages, injunction, property sale, and attempted enforcement by the larger legal system.","Some damages were paid, but noncompliance and conflict continued; an injunction could not restore relationships.",High for a legal-coupling and remedy-design checklist only after current local legal review.,C,Fair separation / selecting legal couplings,high,yes,Not legal advice; reverify current jurisdiction-specific law. DOI: https://doi.org/10.9707/0739-1250.1752
F-037,Track A direct,M-0347,005-spiritualism-and-community-in-antebellum-america-the-mountain-cove-episode.pdf,"Vol. 12, no. 1 (1992)",Spiritualism and Community in Antebellum America: The Mountain Cove Episode,Bret T. Carroll,Mountain Cove,PDF pp. 17-18; printed pp. 35-36,35-36,,full text,historical secondary analysis using community and movement publications plus participant accounts,"Leaders claiming infallible spiritual authority banished dissenters, persecuted opponents, and issued thinly veiled threats. A former insider who urged investigation of alleged immoral conduct could not publish his exposé in the leader-controlled community paper; an external Spiritualist newspaper published it.",Control of the authority-verification and publication channel enabled capture; a route to publish outside the leader’s institution preserved a suppressed challenge.,The article calls the exposé an unfriendly glimpse and does not adjudicate the underlying misconduct allegations.,"The author argues that mediumship could convert an anti-authoritarian movement into centralized, overbearing authority.",Factional breakdown and a hostile former member’s account may explain some of the portrayal.,Leaders used banishment and internal suppression; the dissenter exited and used an external press channel.,Confidence in leadership declined and the community folded in 1853.,"High for independent allegation intake, protected external reporting, and evidence channels outside founder control.",C,Founderism / dissent and external reporting / fair separation,medium,yes,Underlying allegations should not be repeated as fact without primary-source verification. DOI: https://doi.org/10.9707/0739-1250.1753
F-038,Track A negative result,M-0360,004-findhorn-the-routinization-of-charisma.pdf,"Vol. 13, no. 1 (1993)",Findhorn: The Routinization of Charisma,William J. Metcalf,Findhorn Foundation,PDF pp. 6 and 15-20; printed pp. 5 and 14-19,"5, 14-19",,full text,participant observation and interviews by a researcher who was also a member and trustee,"After the founder’s dogmatic leadership and debt crisis, focalisers and committees devolved power and the community survived without a replacement guru. The author says consensus and attunement rarely impaired operations because of deep socialization and the absence of any truly malevolent members or forces, while contrary views could be treated as spiritual immaturity.","The favorable consensus case is explicitly conditional on a benign, highly socialized membership and therefore is not evidence of resilience to a malicious or capture-seeking actor; its dissent vocabulary presents a separate risk.",It does not test an adversarial case or prove that focalisers consciously exploited spiritual language.,The author sees successful routinization of charisma and says he found no evidence of deliberate exploitation.,"Strong cohesion may reflect freely shared values, and the embedded researcher’s access may reveal real strengths as well as create bias.","Focalisers, a central management committee, trustee meetings, consensus, and repeated meditation after disagreement.",The group survived founder departure and near-bankruptcy without installing another charismatic leader.,High as a limit on inference: ordinary-case consensus must be separately tested against bad-faith and protected-dissent scenarios.,D,Founderism / membership pipeline / safety-proxy warning,medium,no,The author discloses long-term participant status and service on the Board of Trustees. DOI: https://doi.org/10.9707/0739-1250.1736
F-039,Track A direct,M-0362,006-individual-experience-community-control-and-gender-the-harvard-shaker-community-during-the-era-of-manifestatio.pdf,"Vol. 13, no. 1 (1993)","Individual Experience, Community Control, and Gender: The Harvard Shaker Community During the Era of Manifestations",Diane Sasson,Harvard Shaker community,PDF pp. 10-17; printed pp. 53-60,53-60,,full text,archival historical analysis,"A visionist invoked wolves and purging, reportedly cut off William Clapp and sentenced him out of the community, and named doubters. The Ministry then appointed official visionists, required prior approval, restricted naming, and channeled communications into private writing and predetermined ritual roles.","An unverifiable charismatic accusation could claim removal power, but centralizing all verification in existing leadership replaced that danger with censorship and epistemic monopoly.","It does not establish the evidence against Clapp, his final membership outcome, or whether the Ministry’s restrictions protected targets more than they protected hierarchy.","The author presents a tension among individual experience, community control, hierarchy, and gender, concluding that leadership redirected and silenced individual inspiration.",Prior approval and restrictions on public naming may also have been sincere attempts to prevent reckless accusations.,"Leadership appointments, prior review, limits on naming, private transcription, and role channeling.","Visionary activity was brought under leadership control; independent inspiration declined, while doubts about institutional legitimacy remained.","High for separating allegation, evidence review, adjudication, and spiritual or founder authority.",C,Fair separation / dissent channel / evidence protocol,high,no,DOI: https://doi.org/10.9707/0739-1250.1738
F-040,Track A direct,M-0396,005-assessing-psychopathology-in-communal-societies.pdf,"Vol. 15, no. 1 (1995)",Assessing Psychopathology in Communal Societies,Susan Matarese and Paul Salmon,Shakers and Hutterites,PDF pp. 4-6; printed pp. 27-29,27-29,,full text,historical and clinical-methodological synthesis using dated psychiatric frameworks,"The article says historical Shaker communities confined afflicted people to reduce risk to self or others; a cited footnote reports that John Hobart believed he needed to stab people to demonstrate miraculous healing, but no response is described. A 1955 Hutterite study found family and community support without mental-hospital placement, but not a danger-specific protocol.","Communal records contain both a direct safety response and a dangerous-intent report, while the available account lacks the procedural and outcome detail required to evaluate either response.","It does not document allegation intake, assessment, duration, review, proportionality, treatment, later conduct, or any dangerous-child case; it cannot support retrospective diagnosis.",The authors argue that communal living does not eliminate mental disorder and can either protect or exacerbate distress.,"Historical records may be incomplete, euphemistic, or culturally framed; supportive care and confinement may have covered very different levels of risk.",Confinement is the only direct Shaker response specified; Hutterite family and community support is described at population level.,"No individual safety, recovery, reintegration, or recurrence outcome is recorded for the dangerous-intent example.","Moderate: supports the need for lawful immediate protection plus clinical assessment and review, not historical confinement as a model.",C,Dangerous-person section / care and safety protocol,medium,yes,"DSM-IV and the older sources cited by the article are dated; describe conduct, not inferred diagnoses. DOI: https://doi.org/10.9707/0739-1250.1701"
F-041,Source-quality warning,M-0396,005-assessing-psychopathology-in-communal-societies.pdf,"Vol. 15, no. 1 (1995)",Assessing Psychopathology in Communal Societies,Susan Matarese and Paul Salmon,Intentional communities,PDF pp. 6-7; printed pp. 29-30,29-30,,full text,methodological discussion using DSM-IV-era categories,"The article warns that communities may underreport pathology to protect a success narrative, records vary in reliability and detail, premembership history is often missing, causation is hard to assign, and culturally unusual conduct can be mislabeled abnormal.","Claims about dangerousness, disorder, causation, or treatment require independent evidence and a firewall between nonconformity and demonstrable harm.","It does not provide current diagnostic guidance, establish any diagnosis for a historical actor, or show how to run a modern assessment process.",The authors propose standardized diagnostic criteria to improve comparison across communities.,A standardized clinical scheme can itself erase cultural context or become a tool of discipline when controlled by community leaders.,No community response process is evaluated in this methodological section.,No measured outcome.,High as a source-audit and diagnostic-firewall rule; current clinical guidance is required for practice.,C,Research method / fair separation / clinical firewall,high,yes,DSM-IV is obsolete as current clinical guidance. DOI: https://doi.org/10.9707/0739-1250.1701
F-042,Track A direct,M-0398,007-post-civil-war-american-communes-a-millenarian-utopian-commune-linking-chicago-and-nas-sweden-to-jerusalem.pdf,"Vol. 15, no. 1 (1995)","Post Civil War American Communes: A Millenarian Utopian Commune Linking Chicago and Nas, Sweden, to Jerusalem",Ruth Kark,American-Swedish Colony in Jerusalem,"PDF pp. 16, 21-23, and 33; printed pp. 89, 94-96, and 106","89, 94-96, 106",,full PDF; extracted text plus direct PDF-page extraction for printed pp. 109-113,"historical synthesis comparing insider, former-member, consular, legal, press, and later accounts","Members surrendered assets with no return on exit or expulsion; the leader could expel without investigation or consultation, and former members alleged threats, surveillance, spiritual terror, and lack of practical means to leave. A successor expelled leadership competitors while property and financial information were controlled by the founder family network.","Unreviewed expulsion, asset forfeiture, censored outside contact, and family control of accounts combined into a capture system in which formal voluntariness did not guarantee usable exit.",The source explicitly says accounts vary in reliability; it does not adjudicate every former-member or consular allegation or reconstruct each expelled member’s later safety.,"The author treats charismatic leadership, millenarian belief, commitment mechanisms, family privilege, and external political status as central to longevity and dissolution.","The Colony also did substantial welfare work and faced genuine hostility from some officials, so outsider criticism was not uniformly neutral.","Unilateral expulsion, discipline, monitored contact, and loss of assets; no independent internal appeal is documented.","Dissension, departures, expulsions, and eventually a multi-year legal and arbitration process followed.","High for usable-exit, recusal, asset-separation, outside-contact, and anti-retaliation design.",C,Fair separation / founderism / money and land,medium,yes,Use allegations with attribution. DOI: https://doi.org/10.9707/0739-1250.1703
F-043,Track A child-adjacent,M-0398,007-post-civil-war-american-communes-a-millenarian-utopian-commune-linking-chicago-and-nas-sweden-to-jerusalem.pdf,"Vol. 15, no. 1 (1995)","Post Civil War American Communes: A Millenarian Utopian Commune Linking Chicago and Nas, Sweden, to Jerusalem",Ruth Kark,American-Swedish Colony in Jerusalem,"PDF pp. 16, 19, and 25-26; printed pp. 89, 92, and 98-99","89, 92, 98-99",,full text,historical synthesis using mixed insider and outsider sources,"Millennial expectations initially produced what a contemporary source called no care for children and, until 1904, rejection of professional medicine; adult and child deaths drew criminal-negligence accusations. Schooling was neglected, all adults could order and punish children, and a later proper school still withheld vocational or higher education from all but the Spafford children.","Collective childrearing can become institutional neglect when child health, education, punishment, and future capacity are subordinated to leader doctrine or family privilege.","It does not describe a child who was dangerous, document individual punishment cases, or measure later educational and health outcomes across the cohort.",The author links child socialization and unequal opportunity to charismatic management and de facto stratification.,Some accusations came from hostile consular or religious opponents; the later school and external welfare work show institutional change rather than a single unbroken practice.,"Outside accusations, eventual use of professional medicine, and opening of a formal school; no child-specific independent complaint channel is described.","Deaths occurred during the no-medicine period; schooling improved, but higher and vocational opportunity remained unequal.","High for non-waivable health, education, outside-contact, and child-advocacy safeguards; not evidence about dangerous children.",C,Children / non-waivable rights / selecting legal couplings,medium,yes,Keep separate from the dangerous-child branch. DOI: https://doi.org/10.9707/0739-1250.1703
F-044,Track B remedy,M-0398,007-post-civil-war-american-communes-a-millenarian-utopian-commune-linking-chicago-and-nas-sweden-to-jerusalem.pdf,"Vol. 15, no. 1 (1995)","Post Civil War American Communes: A Millenarian Utopian Commune Linking Chicago and Nas, Sweden, to Jerusalem",Ruth Kark,American-Swedish Colony in Jerusalem,PDF pp. 33 and 38-39; printed pp. 106 and 111-112,"106, 111-112",,full PDF; direct PDF-page extraction used for printed pp. 111-112,historical synthesis with legal and participant sources,"A four-and-a-half-year dispute over leadership and assets ended in 1934 arbitration granting $5,380.19 net to each second-generation Swedish member who left or was expelled, about thirty percent of the Colony; an elected council followed. Separately, proposed bylaws would have forfeited all rights on termination, including children’s claims, and a minority challenge led to an agreed settlement.","External adjudication can partition member equity and force structural change after internal governance fails, while forfeiture clauses can extend harm to dependents.","It does not establish that the award fully valued labor and assets, that the settlement was procedurally fair, or that the elected council ended family control.",The author describes legal-economic reorganization as a stage in the Colony’s dissolution.,The settlement may have preserved some value while also converting a communal project into a family-centered business.,"Litigation, supreme-court proceedings, attorney-general referral, arbitration, incorporation, and elected council.",Departing or expelled members received a defined award; governance formalized; communal economic activity declined.,"High for neutral equity valuation, dependent protection, and preselected external dispute resolution.",B,Fair separation / money and land / plan the funeral,high,no,Later pages were recovered from the PDF because the initial text extraction ended at printed p. 107. DOI: https://doi.org/10.9707/0739-1250.1703
F-045,Track A negative result,M-0400,009-survey-of-letters-to-padanaram-settlement-1967-1991-1992.pdf,"Vol. 15, no. 1 (1995)","Survey of Letters to Padanaram Settlement, 1967-1991 /1992",Rachel E. Wright-Summerton,Padanaram Settlement,PDF p. 7; printed p. 126,126,,full text,descriptive survey of incoming correspondence,"Two prospective members disclosed criminal histories in letters: one asked about residing at Padanaram while on parole after a marijuana conviction, and another wrote from jail about a vehicle-theft felony. The article records neither the community’s reply nor any admission or conduct outcome.","Communities received applications involving criminal history, but this source cannot show how screening, risk assessment, conditions, refusal, or reintegration worked.","It does not show that either writer was admitted, dangerous, truthful, rejected, supported, or later successful.",The author categorizes the letters as requests for help or advice and presents representative examples.,The letters may reflect exploratory correspondence rather than serious applications.,No response or decision process is preserved in the article.,Unknown.,High as a negative-result and records-design finding; zero value for judging criminal-history applicants as a class.,F,Membership pipeline / dangerous-person research gap,high,no,DOI: https://doi.org/10.9707/0739-1250.1705
F-046,Track A direct,M-0397,006-dressing-to-please-god-pants-wearing-women-in-mid-nineteenth-century-religious-communities.pdf,"Vol. 15, no. 1 (1995)",Dressing to Please God: Pants-Wearing Women in Mid-Nineteenth-Century Religious Communities,Gayle V. Fischer,Strangite Mormon community on Beaver Island,PDF pp. 18-19; printed pp. 71-72,71-72,,full text,historical secondary synthesis,"Resistance to a required women’s dress was met with public accusations and humiliation, lawsuits against relatives, robbery of homes, and public flogging; one man later involved in the leader’s assassination had been whipped for supporting his wife’s refusal to comply.",A sanction system can drift from safety or religious discipline into coercive conformity and can become entangled with escalating retaliation.,"It does not prove that the whipping caused the assassination, identify every perpetrator, or independently verify all harassment details.",The author suggests the dress mandate may have served the leader’s desire for power and control.,"Polygamy, armed conflict with neighbors, factional politics, and other grievances also drove violence.","Leader-controlled publicity, litigation, public punishment, and informal violence.","The leader was assassinated; most members later evacuated, but causal attribution to the dress conflict is not possible.","Moderate: a warning to define sanction scope, forbid violence, and separate ordinary nonconformity from safety threats.",C,Fair separation / founderism / sanction-drift warning,medium,yes,Do not imply a simple causal chain from punishment to assassination. DOI: https://doi.org/10.9707/0739-1250.1702
F-047,Track B,M-0382,010-culture-collectivism-and-chaos-a-case-study.pdf,"Vol. 14, no. 1 (1994)","Culture, Collectivism and Chaos: A Case Study",Garry Favel,Kibbutz Kadarim,"PDF pp. 15, 18-19, and 24; printed pp. 103, 106-107, and 112","103, 106-107, 112",,full text,participant case study of financial and internal records by a resident accountant,"By December 1992 Kadarim and its entities had over US$12 million in net debt; financial reports had lagged by almost two years. The kibbutz created separate entities and a seven-person board with three outsiders, while the author concludes that external decision-makers are useless without relevant, accurate, timely data.","Outside oversight and formal entity separation only become operative controls when members and reviewers receive timely, decision-relevant financial information.","The single case does not isolate collectivism as the cause of debt, show misconduct, or provide a long-term evaluation of the reforms.","The author links reporting culture, diffuse individual responsibility, and collective decision-making to the crisis and response.","Easy credit, movement guarantees, inflation, state policy, and project economics may explain much of the debt.","More frequent reporting, legal separation of productive branches, outside board members, and use of internal financial data.",Problem branches were closed and management changed; the article does not establish full recovery.,"High for operational finance controls, with caution about generalizing from one kibbutz.",C,Money and land / founder and board controls,medium,no,DOI: https://doi.org/10.9707/0739-1250.1723
F-048,Track A child negative result,,Volumes 9-15 discovery corpus,Volumes 9-15 (1989-1995),Cumulative targeted search and issue-by-issue discovery scan,Research checkpoint,Communal Societies volumes 9-15,113 PDFs; 16 relevant or contextual close reads,,No direct documented case found,full extracted corpus plus direct PDF recovery where extraction was incomplete,systematic bounded search result,"Across all 113 PDFs, child-and-danger searches and complete article triage found children as victims of neglect, medical refusal, punishment, coercive schooling, state intervention, or adult conflict, but no strong case in which a persistently dangerous child was the actor and the source documented allegation, assessment, intervention, review, and later outcome.","The specified dangerous-child evidence pattern is absent from this completed chunk under the recorded vocabulary, proximity checks, and close reads.","It does not prove that no such case exists in later volumes, standalone sources, unindexed archives, different terminology, or communities not covered by the journal.",Not applicable.,"Archival silence may reflect euphemism, nonpublication, classification under medical or juvenile systems, or the journal’s subject priorities.",Not applicable.,Bounded null for volumes 9-15.,High for this chunk; none for the full literature until remaining sources are processed.,F,Research/school function / dangerous-child branch,high,no,"Continue forward without treating children who dissent, misbehave, or are victimized as dangerous actors."
F-049,Track A direct,M-0413,005-the-oneida-community-family.pdf,"Vol. 16, no. 1 (1996)",The Oneida Community Family,Marlyn Klee-Hartzell,Oneida Community,PDF pp. 3 and 7-9; printed pp. 16 and 20-22,"16, 20-22",,full text,historical synthesis using Community records and later scholarship,"The article says John Humphrey Noyes initiated girls into sex and that they thereafter had sexual relations with older men; it describes elders controlling younger members' education, work, social lives, and initial sexual pairings, and later notes that some young women refused sex and sought monogamous families.","Adult and founder authority was embedded in an age- and gender-ordered system of sexual access, and the article identifies no independent check available to the younger members subject to it.","It does not give each girl's age, reconstruct individual consent or injury, establish a modern legal category, or show that every woman experienced the system identically.","The author characterizes Oneida as patriarchal because older people controlled younger people, men dominated women, and the Noyes family held disproportionate authority.",The article also records material and educational advantages that many women valued; those benefits do not answer the authority and choice problem.,Elders set pairing rules and used community criticism and ideological authority; later refusal by some young women is the only direct resistance described here.,"Young-member refusal and demand for monogamy accompanied the communal family's unraveling, which the article also links to Noyes's retirement and failure of succession.","High for non-waivable relationship choice, independent child and young-person advocacy, and founder recusal; historical legal characterization requires separate evidence.",C,Children / non-waivable rights / founderism,high,yes,Describe the documented hierarchy without diagnosing Noyes or assigning unstated ages. DOI: https://doi.org/10.9707/0739-1250.1680
F-050,Track B remedy,M-0416,008-damanhur-a-magical-community-in-italy.pdf,"Vol. 16, no. 1 (1996)",Damanhur: A Magical Community in Italy,Massimo Introvigne,Damanhur,PDF pp. 10-11; printed pp. 79-80,79-80,,full text,contemporary sociological description with legal-process summary,"After former inner-circle and government member Filippo Maria Cerutti left, his compensation demand and Damanhur's valuation were too far apart to settle. He sued, disclosed the secret Underground Temple to a prosecutor, and guided a tax-police raid that exposed zoning, building-permission, and tax issues. Damanhur's criminal libel and slander case against him ended in a not-guilty finding; a court expert's compensation valuation was later near Damanhur's offer.","When internal exit valuation and secrecy failed, courts and external disclosure created an independent evidence and valuation path and exposed regulatory risk hidden from outsiders.","It does not establish Cerutti's motive, the fair final compensation, the ultimate civil judgment, or that every allegation against Damanhur was valid.",The author suggests the unwanted disclosure forced Damanhur into greater dialogue with authorities and the public.,"Cerutti may have used disclosure as bargaining leverage, while authorities later recognized the Temple's artistic value and did not enforce the demolition order.","Failed negotiation was followed by a civil compensation suit, disclosure to a prosecutor, a judicially authorized raid, municipal action, a criminal defamation case, and a court-appointed valuation.","The Temple became public and subject to regulation; the demolition order was not enforced, Cerutti was found not guilty in the defamation case, and the civil matter remained pending in the article.","High for neutral exit valuation, a protected route to regulators, and external evidence preservation; medium for judging the merits of this dispute.",B,Fair separation / money and land / external reporting,medium,yes,The author is broadly sympathetic to Damanhur; verify final judgments and underlying records before naming contested claims. DOI: https://doi.org/10.9707/0739-1250.1683
F-051,Track A source-limited,M-0419,011-review-of-torches-extinguished-memories-of-a-communal-bruderhof-childhood-in-paraguay-europe-and-the-usa.pdf,"Vol. 16, no. 1 (1996)",Review of Torches Extinguished: Memories of a Communal Bruderhof Childhood in Paraguay Europe and the USA,Thomas Mansheim,Bruderhof,PDF pp. 3-4; printed pp. 108-109,108-109,,full text,book review of former-member memoirs by a reviewer with disclosed former-member-network ties,"The review says a 1960 leadership struggle and Hans Zumpe's adultery led to his expulsion, a wider group cleansing, substantial expulsions, and closure of the Paraguay communities. It reports that his attempts to contact his wife were blocked, that his daughter was expelled and denied contact with her mother, and that another expelled member's adult daughter refused parental contact for twelve years before the family rebuilt outside.","The reviewed accounts describe expulsion operating together with enforced or group-shaped family-contact severance, extending the cost of discipline beyond membership and property.","A short review of partisan former-member memoirs does not establish every event, the formal rule behind each separation, the Bruderhof's response, or population-level prevalence.",The reviewer largely supports the memoirists and explicitly discloses participation in the KIT former-member network and more limited contact with current members.,The Bruderhof may describe the separations through different doctrinal or disciplinary facts; closer primary and balanced sources are required.,Expulsion and wider organizational cleansing were followed by blocked spousal and parent-child contact; no independent appeal is described.,The review describes prolonged loss and trauma; one family eventually rebuilt its relationships and life outside the group.,High for forbidding discipline-based family-contact severance and providing independent appeal; low-to-medium for case attribution until corroborated.,C,Fair separation / outside contact / usable exit,low,yes,"Source-limited book-review evidence; seek the memoirs, Bruderhof response, and independent records. DOI: https://doi.org/10.9707/0739-1250.1686"
F-052,Track B structural,M-0437,008-crisis-and-transformation-the-kibbutz-at-the-turn-of-the-century.pdf,"Vol. 17, no. 1 (1997)",Crisis and Transformation: The Kibbutz at the Turn of the Century,Eliezer Ben-Rafael,Kibbutz movement,PDF pp. 16-19 and 23-25; printed pp. 89-92 and 96-98,"89-92, 96-98",,full text,sociological synthesis with a 636-member survey across 26 randomly sampled Takam kibbutzim,The article says the mid-1980s economic crisis strengthened rather than weakened technocrats even though it marked a major failure of economic leadership; unhappy rank-and-file members accepted greater dependence on those expected to lead them out of crisis. It later reports technocrats as the main sponsors and carriers of change with broad cross-stratum support.,A crisis can enlarge the authority and autonomy of the expert layer associated with prior failure because members also depend on that layer for rescue.,"It does not show fraud, malicious capture, a uniform process in every kibbutz, or that professional management was unnecessary.",The author describes a non-total revolution in which managerialism and privatization reshape but do not fully erase partnership and collective ownership.,"Expert authority may have been functionally necessary, and broad member support may reflect informed consent rather than capture.","Boards, managers, outside experts, and decentralized public committees gained authority as assembly participation declined; the article does not describe fixed emergency limits or independent review.",Technocrats gained control over enterprise change while collective ownership and some partnership norms persisted.,"High for time-limited emergency delegation, conflict review, member-visible information, and independent post-crisis evaluation.",B,Founderism / crisis governance / success criteria,high,no,Do not convert professional expertise into evidence of misconduct. DOI: https://doi.org/10.9707/0739-1250.1663
F-053,Track A source-limited,M-0447,018-review-of-mary-s-city-of-david.pdf,"Vol. 17, no. 1 (1997)",Review of Mary's City of David,Timothy Miller,Israelite House of David,PDF p. 3; printed p. 126,126,,full text,book review and brief historical summary,"The reviewer states that founder Benjamin Purnell disappeared after being charged in 1923 with statutory rape of two sisters, was found hiding in 1926, and died just after his 1927 trial; infighting followed and a court divided the property between two factions in 1930.","In this brief account, no internal community remedy is documented; outside criminal process located the founder, and a civil court later resolved factional control of property.","It does not state a conviction or acquittal, give the evidence or trial result, show how the community handled the allegations internally, or establish why the property court chose its division.","The reviewer calls the underlying community-produced book celebratory, opinionated, and sympathetic to the point of hagiography, though valuable as preservation.",A four-page review may compress a legally and factually complex history; disappearance and factional conflict do not themselves prove the charge.,"Criminal charge, search and trial were external; later factional property division was judicial. No internal investigation or protection process appears in the review.","Purnell was found and tried, then died; the property was divided and both factions persisted in diminished form.",Moderate for the need to route founder allegations outside founder control and prewrite asset governance; low for substantive allegation details.,C,Founderism / outside reporting / money and land,low,yes,State only that he was charged and tried; verify primary court history before using the case in prose. DOI: https://doi.org/10.9707/0739-1250.1673
F-054,Track B vulnerable-adult remedy,M-0454,005-pensions-on-the-kibbutz-the-implications-of-the-undermining-of-social-security-for-the-aged-in-communal-societ.pdf,"Vol. 18, no. 1 (1998)",Pensions on the Kibbutz: The Implications of the Undermining of Social Security for the Aged in Communal Societies,John Gal,Kibbutz movement and Beit Oren,PDF pp. 7-11; printed pp. 14-18,14-18,,full text,historical policy analysis with movement records and survey evidence,"Most members mistook collective provident funds for pensions; after withdrawals during crisis, the depleted funds dissolved and merged with commercial-bank funds. At Beit Oren, advisers reportedly told elderly members the kibbutz could not provide for them and advised them to leave, though the wording was disputed. Within five years 43 percent of kibbutzim had joined pension funds and 68 percent of the rest planned to; individual pension rights persisted if a member left.","A pooled communal promise can fail precisely when vulnerable members need it, while portable individual entitlements remain usable across exit and institutional crisis.","It does not show that all elderly members were abandoned, settle the disputed wording at Beit Oren, or compare long-term outcomes under each pension arrangement.","The author argues that aging, economic crisis, and weakened collective values undermined perceived security and made pensions a response to future uncertainty.","The movement continued caring for many elderly members, and individualization can also weaken communal solidarity or distribute market risk.","Public controversy, movement debate, legal-economic advice, and voluntary entry into individual pension funds followed the crisis.","The collective funds disappeared; the Beit Oren episode changed movement debate, and individual pension adoption spread quickly but unevenly.","High for portable vested benefits, transparent benefit language, reserves, and protection of elderly or dependent members on exit.",B,Money and land / fair separation / vulnerable-member security,high,no,Attribute the disputed Beit Oren instruction precisely. DOI: https://doi.org/10.9707/0739-1250.1782
F-055,Track A direct,M-0455,006-so-much-they-have-got-for-their-folly-shaker-apostates-and-the-tale-of-woe.pdf,"Vol. 18, no. 1 (1998)",So Much They Have Got for Their Folly: Shaker Apostates and the Tale of Woe,Elizabeth A. DeWolfe,Shakers,"PDF pp. 4, 7, and 15; printed pp. 23, 26, and 34","23, 26, 34",,full text,archival historical and narrative analysis,"Shakers circulated stories of apostates' later ruin as divine judgment, exchanged legal information, and monitored prominent former member Mary Dyer's movements and activities. The author says the tales' literal truth is not the point and concludes that discrediting apostates caused Shakers to ignore praise and constructive criticism in former-member texts.","Post-exit doom narratives and tracking can turn former-member criticism into proof of disloyalty, strengthen internal cohesion, and disable corrective feedback.","It does not establish that the narrated misfortunes occurred, that all monitoring was unlawful, or that former members' allegations were accurate.",The author argues that ignoring apostate feedback weakened Shakerism even as tales of woe strengthened identity and solidarity.,"Some tracking responded to real litigation and public campaigns, including Dyer's own legal, publishing, and mob activity.",Leaders exchanged reports and legal strategy and circulated cautionary narratives; no neutral channel for evaluating former-member criticism is described.,"Cohesion and prophetic self-confirmation increased, while the author concludes that lost feedback weakened the movement.","High for protected alumni feedback, anti-retaliation, and separating litigation risk from categorical discrediting of leavers.",C,Dissent and external reporting / alumni feedback / founderism,high,no,"Treat reported apostate fates as narratives, not verified outcomes. DOI: https://doi.org/10.9707/0739-1250.1783"
F-056,Track A direct,M-0460,011-the-medium-of-grace-mutual-criticism-in-the-oneida-community.pdf,"Vol. 18, no. 1 (1998)",The Medium of Grace: Mutual Criticism in the Oneida Community,Tara McCarthy,Oneida Community,PDF pp. 4 and 9-12; printed pp. 94 and 99-102,"94, 99-102",,full text,historical synthesis drawing heavily on Oneida publications and memoirs,"Mutual Criticism was usually volunteered but could be mandated in extreme cases. The subject was expected to sit quietly and accept judgment; crying and outbursts were unacceptable. Prospective members had to accept criticism, returning travelers underwent defumigation, and friendliness with outsiders could itself be criticized.",A community-wide grievance and discipline practice can offer broad participation while denying the subject a contemporaneous right of reply and extending conformity control to outside relationships.,"It does not show that every session was coerced, that critics always acted in bad faith, or that retrospective praise from some participants was false.","The author presents Mutual Criticism as a central discipline, spiritual practice, therapeutic mechanism, and source of communal cohesion.","Rotating committees, cautions against grudges, and efforts to balance praise and reproof may have limited some misuse.","A standing or specially chosen committee delivered judgments; the subject was passive, and the article describes no independent appeal or recusal right.","The practice became Oneida's central governance and discipline institution; the article reports fear, dread, humiliation, praise, and loyalty rather than a measured safety outcome.","High for notice, reply, recusal, appeal, outsider-contact protection, and separation of peer reflection from sanctions.",D,Community as therapist / fair separation / dissent safeguards,high,no,The article is interpretively favorable; distinguish its documented procedure from its evaluation. DOI: https://doi.org/10.9707/0739-1250.1788
F-057,Track A health boundary,M-0460,011-the-medium-of-grace-mutual-criticism-in-the-oneida-community.pdf,"Vol. 18, no. 1 (1998)",The Medium of Grace: Mutual Criticism in the Oneida Community,Tara McCarthy,Oneida Community,PDF pp. 13-16; printed pp. 103-106,103-106,,full text,historical synthesis drawing on Oneida health claims and records,"Oneida used Mutual Criticism for minor ailments and serious disease. During an 1863-1864 diphtheria outbreak, several people died before a physician was called; after members said he disrespected Christ, he was dismissed. Noyes rejected doctors and drugs, said he would remain loyal to faith even if half died, and prescribed criticism and ice. The source reports five deaths among sixty cases and no deaths after that regimen began.",A peer-spiritual practice can become a substitute for independent medical care when the same leader controls both doctrine and access to clinicians.,"The sequence does not prove criticism or ice cured diphtheria, establish the counterfactual mortality under medical care, or supply a safe modern treatment model.",The author treats criticism as a therapeutic as well as control mechanism and reports Community members' cure testimony.,"Nineteenth-century medicine was itself limited, and epidemic timing or ordinary recovery may explain the reported decline in deaths.","A physician was called late and then dismissed; leader-directed faith practice replaced him, with no independent medical decision authority described.","Five fatalities were recorded; the Community attributed later survival to criticism and ice, but the source cannot establish causation.",High for non-waivable medical access and independent clinical authority; zero for adopting the historical treatment.,C,Medicine / non-waivable rights / selecting legal couplings,high,yes,Historical health testimony is not clinical efficacy evidence. DOI: https://doi.org/10.9707/0739-1250.1788
F-058,Track A contextual,M-0471,004-taking-shelter-from-the-coming-storm-the-millenial-impulse-of-the-church-universal-and-triumphant-s-royal-teto.pdf,"Vol. 19, no. 1 (1999)",Taking Shelter from the Coming Storm: The Millenial Impulse of the Church Universal and Triumphant's Royal Teton Ranch,Brad Whitsel,Church Universal and Triumphant / Royal Teton Ranch,PDF pp. 3-4 and 17-18; printed pp. 2-3 and 16-17,"2-3, 16-17",,full text,historical and sociological analysis with interviews and group sources,"Nearly one thousand members came to Montana in 1990 after a nuclear-war warning; 600 staff rehearsed and worked sixteen-hour days for months on shelters. When no attack occurred, only a small fraction left and most ranch members interpreted the prayer vigil as having averted disaster. The author describes a closed-information hot-house that quelled dissent; former staff later linked apocalyptic preparation to defections and budget problems.","A closed threat system can absorb disconfirmation, mobilize extreme labor, suppress alternative interpretation, and preserve belief while moving costs into later exit and finances.","It does not establish deliberate deception, quantify all later defections or costs, or show that apocalyptic belief alone caused organizational stress.","The author rejects retrospective psychiatric labels and explains the event through the group's belief system, enemy construction, and information environment.",Members may sincerely have viewed shelter building as prudent and prayer as effective; former staff accounts may overattribute later problems to 1990.,"Leader warning, drills, shelter construction, continuous prayer, and internal reinterpretation followed; no independent forecast review or dissent channel is described.","Most members stayed after the non-event; later defections, staff reduction, and budget problems were reported, with causation partly attributed by former staff.","High for independent risk review, falsifiable triggers, protected dissent, work limits, and post-event audit; not a mental-health diagnosis.",D,Founderism / dissent / success and safety criteria,medium,yes,Do not use psychiatric labels for members; distinguish former-staff attribution from established causation. DOI: https://doi.org/10.9707/0739-1250.1646
F-059,Track A challenge,M-0484,004-communal-groups-social-laboratories-or-places-of-exile.pdf,"Vol. 20, no. 1 (2000)",Communal Groups: Social Laboratories or Places of Exile?,Peter Michael Forster and William James Metcalf,Intentional communities in Australia New Zealand and Findhorn,PDF pp. 5-8; printed pp. 4-7,4-7,,full text,historical synthesis plus participant observation and prior comparative research,"The article reports Australian communards' overwhelming opposition to having unemployed young people imposed on them, participant observation that marginalizing or banishing disruptive members appeared stabilizing at Findhorn, and prior comparative findings linking stricter selection to stability. It also asks whether these same exclusions remove people who supply needed change and lead to stagnation.","Screening and removal can increase stability while a broad disruptive-person category can also exile dissent, political opposition, creativity, or needed correction.","It does not show that the rejected unemployed youth were dangerous, measure the alleged innovation loss, or establish the wider social-awareness hypothesis; the stagnation claim is posed as a possibility.",The authors argue that governments have sometimes used communities to marginalize disruptive people and frame internal exclusion as a stability-versus-change tradeoff.,"Specific screening may protect a community from free-riding or harm, and opposition to imposed placements may reflect capacity rather than prejudice.","Government schemes, community entry refusal, marginalization, and banishment are described; no conduct-specific assessment or appeal process is evaluated.",Strict selection and exclusion correlate with stability in cited studies; effects on creativity and long-term adaptation remain unanswered.,"High for defining harm behaviorally, separating dissent from danger, and auditing exclusions for false positives and lost correction.",D,Membership pipeline / fair separation / safety-proxy warning,medium,yes,Separate documented government programs and correlations from the authors' wider social-control hypotheses. DOI: https://doi.org/10.9707/0739-1250.1614
F-060,Source-method challenge,M-0485,005-analyzing-communal-life-spans-a-dynamic-structural-approach.pdf,"Vol. 20, no. 1 (2000)",Analyzing Communal Life-Spans: A Dynamic Structural Approach,James A. Kitts,Comparative intentional-community samples,PDF pp. 3-5 and 9-10; printed pp. 14-16 and 20-21,"14-16, 20-21",,full text,comparative methodological synthesis and exploratory quantitative study,"Prior work treated longevity as an indicator of a well-functioning group even though commitment mechanisms can promote retention and conformity through renounced outside ties, monitoring, and sanctions. In an exploratory study of 408 American communities, centralization of power was positively related to survival in 1990-1995, while social density reduced survival probability; other structural studies produced context-dependent or reversed results.","Institutional survival is not a safety measure: structures that increase centralization, retention, conformity, or exclusion may prolong a group without measuring autonomy, exploitation, or harm.","The study does not measure abuse or capture, establish causality, or show that centralization is always harmful; its 1990-1995 correlations may not generalize.","The author argues for dynamic models integrating structure, historical context, and individual member choices rather than a universal success criterion.",Centralization can improve coordination and exclusion can address genuine free-riding; short life can also reflect hostile context rather than failure.,No intervention is tested; the article compares measurement models and calls for longitudinal and contextual research.,"Survival correlates varied by structure and period; dense loving bonds were not consistently protective, and some allegedly antisocial entrants were excluded in surviving hippie-era cases.","High as a measurement rule: report safety, autonomy, exit, and correction separately from longevity and cohesion.",D,Success criteria / founderism / membership pipeline,high,no,Do not relabel historically described dropouts as clinically antisocial. DOI: https://doi.org/10.9707/0739-1250.1615
F-061,Track A direct,M-0489,009-the-commune-that-didnt-come-to-town-the-love-israel-family-and-a-small-town-in-idaho.pdf,"Vol. 20, no. 1 (2000)",The Commune That Didn't Come to Town: The Love Israel Family and a Small Town in Idaho,Charles P. LeWarne,Love Israel Family,PDF pp. 12-13; printed pp. 91-92,91-92,,full text,historical case study using interviews and contemporary press,"Two elders and their families challenged Love Israel's domineering personal role; others joined, many left, and allegations and departures became legal wrangling. By winter at least two-thirds of the membership had departed and property was in jeopardy; membership later fell below one hundred amid loss of Seattle property and litigation with departing members.","When no effective internal route can be identified in the source, a leadership challenge may resolve through mass exit, litigation, and asset loss rather than timely review or bounded removal.","It does not state the detailed allegations, establish that the challengers were correct, reconstruct internal meetings, or prove leader conduct alone caused every departure and loss.",The author presents the schism as the decisive internal event that ended the proposed Idaho expansion and transformed the Family.,"Mass exit may reflect factional conflict and strategic choice rather than absence of every internal safeguard; the article's focus is the town controversy, not a full governance history.","Leadership challenge was followed by widening dissent, departures, legal wrangling, and consolidation at another property; no independent internal adjudication is described.","At least two-thirds left, property holdings were jeopardized, membership dropped below one hundred, and the remaining group relocated to the Arlington ranch.","High for a route around the leader, early neutral mediation, protected dissent, and prewritten equity and litigation terms.",C,Founderism / dissent / fair separation / plan the funeral,medium,yes,The source uses the phrase domineering personal role but does not document the underlying conduct in detail. DOI: https://doi.org/10.9707/0739-1250.1619
F-062,Track B external boundary,M-0489,009-the-commune-that-didnt-come-to-town-the-love-israel-family-and-a-small-town-in-idaho.pdf,"Vol. 20, no. 1 (2000)",The Commune That Didn't Come to Town: The Love Israel Family and a Small Town in Idaho,Charles P. LeWarne,Love Israel Family and Grangeville Idaho,PDF pp. 5 and 7-8; printed pp. 84 and 86-87,"84, 86-87",,full text,historical case study using interviews and contemporary press,"Town opponents circulated serious claims, while Seattle officials reportedly considered the Family no problem and a council member criticized the reliance on hearsay. Grangeville created a five-member investigation commission after a tied vote, and the mayor required ordinary compliance with birth and death registration, driver licensing, building code, zoning, and other law.","Evidence-gathering, public disagreement, police referral, and enforcement of ordinary conduct-based law are more reliable external boundaries than categorical cult labels or rumor.","It does not establish that the Family was safe, that every public concern was false, or that the commission completed a rigorous investigation; the issue dissipated before its report mattered.","The author treats the episode as a microcosm of fear, skepticism, tolerance, civic responsibility, investigation, and wait-and-see responses to outsider groups.","Some resident caution may have been reasonable, and sympathetic visitors could also have seen a managed presentation.","Press investigation, public meetings, a split council vote, a temporary commission, police referral, and written regulatory conditions supplied the external response.","The move did not occur, principally as the Family's internal crisis overtook the plan; the town episode ended without establishing the competing claims.",High for conduct-specific external oversight and evidence standards; low for judging the Family's internal safety from this town episode.,B,Selecting legal couplings / external oversight / evidence protocol,medium,no,Do not treat absence of a police problem report as proof of safety. DOI: https://doi.org/10.9707/0739-1250.1619
F-063,Track A insider warning,M-0490,010-just-to-breathe-personal-recollections-of-synanon-founder-chuck-dederich.pdf,"Vol. 20, no. 1 (2000)",Just to Breathe: Personal Recollections of Synanon Founder Chuck Dederich,Ellen Broslovsky,Synanon,"PDF pp. 2, 6, 10, and 13; printed pp. 97, 101, 105, and 108","97, 101, 105, 108",,full text,insider retrospective memoir with an editorial introduction,"The editor says Synanon gave tremendous power to Dederich and handpicked associates and links this to violent actions and radical innovations in 1976-1978. The memoir says he could move the whole community on smoking, exercise, marriage, and alcohol; its norm of breaking group contracts did not extend to contracts held by Dederich. The Berlin branch refused the 1978 alcohol change and still existed when the article appeared; extended Stews used seventy-two-hour sessions with short sleep breaks to break defenses.",A confrontational truth-telling practice did not check the founder when the founder was exempt in practice; geographically separate refusal supplied a concrete counterexample to community-wide compliance.,"The memoir does not independently document each violent action, prove that the Berlin refusal caused its survival, or provide systematic member outcomes.","The author calls the system a benevolent dictatorship, asks why members let Dederich drink and the community collapse, and identifies absolute power as the central failure.","The memoir remains affectionate and retrospective; founder influence also supported abstinence, integration, education, and redistribution, and some policy changes may have been voluntarily welcomed.","The Game and contract-breaking governed peers, but no usable founder override is shown. The Berlin house refused one policy; elsewhere dissent sometimes meant leaving.","The main institution ended after collapse and a later tax case; the Berlin branch survived at the article's date, while the memoir does not isolate causal effects.","High for testing founder exceptions, protecting sleep, separating therapy from governance, and giving branches a lawful refusal or fork path.",D,Founderism / community as therapist / non-waivable rights / forks,medium,yes,"Insider retrospective plus editor framing; verify violence, policy chronology, and Berlin outcome independently before article use. DOI: https://doi.org/10.9707/0739-1250.1620"
F-064,Track A child negative result,,Volumes 16-20 discovery corpus,Volumes 16-20 (1996-2000),Cumulative targeted search and issue-by-issue discovery scan,Research checkpoint,Communal Societies volumes 16-20,88 PDFs; 30 relevant or contextual close reads,,No direct documented case found,full extracted corpus,systematic bounded search result,"Across all 88 PDFs, the dedicated child-and-danger proximity search and complete article triage found children or youth as victims, targets, students, applicants, or subjects of ordinary discipline, but no case in which a persistently dangerous child was the actor and the source documented allegation, assessment, intervention, review, and later outcome.","The specified dangerous-child evidence pattern is absent from this completed chunk under the recorded vocabulary, proximity checks, and close reads.","It does not prove that no such case exists in volumes 21-45, standalone sources, unindexed archives, different terminology, or communities outside the journal.",Not applicable.,"The journal may classify such cases under medicine, schooling, juvenile systems, family privacy, or euphemistic language, and may not publish them at all.",Not applicable.,Bounded null for volumes 16-20.,High for this chunk; none for the full literature until remaining sources are processed.,F,Research/school function / dangerous-child branch,high,no,"Child-victim evidence, ordinary disobedience, rumor about children, and adult danger near child terms were explicitly excluded."
F-065,Track A direct,M-0520,004-etienne-cabet-icaria-s-paradoxical-papa.pdf,"Vol. 22, no. 1 (2002)",Etienne Cabet: Icaria's Paradoxical ‘Papa’,Robert P. Sutton,Icaria at Nauvoo,PDF pp. 7-8; printed pp. 6-7,6-7,,full text,historical case study drawing on Icarian documents and later scholarship,"During the 1856 factional crisis, Cabet's supporters seized communal buildings and nearly strangled an opposition leader while Cabet watched. After a later school confrontation frightened children and drew townspeople's attention, outsiders called the sheriff, who restored order. The majority subsequently voted to expel Cabet and his supporters, listed charges publicly, and the factions separated amid food, clothing, equity, and dissolution disputes.","A founder challenge reached an effective boundary only after factional violence, outside law enforcement, collective expulsion, and physical separation; delayed correction endangered people and communal assets.","It does not independently adjudicate every factional allegation, show a neutral internal investigation, establish that the expulsion was procedurally fair, or isolate Cabet as the sole cause of collapse.",The author presents Cabet as paradoxically democratic and authoritarian and treats his increasingly rigid leadership as central to Icaria's disintegration.,The majority also used force and denied necessities; the episode was a civil conflict between organized factions rather than a simple community-versus-bad-founder case.,"Factional seizure, violence, sheriff intervention, majority expulsion vote, published charges, relocation, and dissolution filing followed in sequence; no neutral internal adjudicator appears.","Cabet's faction left for St. Louis, Cabet died shortly afterward, and the Nauvoo community split; equity and dissolution remained contested.","High for early founder-removal, violence-response, independent adjudication, protected necessities, and prewritten factional separation; zero for copying the historical expulsion process.",C,Founderism / fair separation / outside response / money and land,high,yes,Verify the factional documents and legal dissolution history before naming violent conduct in article prose. DOI: https://doi.org/10.9707/0739-1250.1658
F-066,Track A procedural contrast,M-0520,004-etienne-cabet-icaria-s-paradoxical-papa.pdf,"Vol. 22, no. 1 (2002)",Etienne Cabet: Icaria's Paradoxical ‘Papa’,Robert P. Sutton,Icaria at Nauvoo,PDF pp. 6-7; printed pp. 5-6,5-6,,full text,historical case study drawing on Icarian documents and later scholarship,"The General Assembly tried two accused sexual-rule violators and expelled them with a ten-dollar allowance. In a later accusation, both accused denied intercourse, the Assembly acquitted them, and then evicted the two women who had reported the allegation for what it called vicious slander. Cabet responded by restricting recruitment of several broad marital-status categories.","An internal assembly could reject an allegation instead of automatically punishing the accused, but it then severely punished the reporters and widened exclusion through category-based recruitment rules.","It does not supply a transcript, evidence standard, notice, recusal, appeal, protection against retaliation, or enough information to determine whether either decision was correct.",The author uses the episodes to illustrate Cabet's increasingly intrusive moral control and conflict with women.,"The reporters may have knowingly lied, and the recruitment change may have aimed to reduce recurring conflict; the source cannot distinguish justified sanction from retaliation.","Accusation, testimony before the Assembly, acquittal, punishment of reporters, and broad recruitment restriction are described; independent review is absent.",The accused remained; the reporters were evicted; later recruitment narrowed. Longer-term effects of this particular case are not reported.,"High for reporter protection, proportionate sanctions, appeal, and auditing category exclusions; low for judging the underlying allegation.",B,Fair separation / evidence protocol / membership pipeline,medium,yes,Do not call the reporters malicious or the accused innocent beyond the Assembly's verdict without additional evidence. DOI: https://doi.org/10.9707/0739-1250.1658
F-067,Track A direct,M-0527,011-between-zion-and-babylon-the-application-of-the-total-institution-model-to-a-christian-charismatic-community-t.pdf,"Vol. 22, no. 1 (2002)",Between Zion and Babylon: The Case of the Jesus Fellowship,Stephen Hunt,Jesus Fellowship / New Creation Christian Community,PDF p. 12; printed p. 109,109,,full text,"participant observation, movement literature, and sociological analysis","The author reports that everyday dissidence was handled within the community house; unacceptable behavior drew a warning and ultimately an obligation to leave. Leaving also meant losing food, shelter, and clothing supplied through membership, while the outside world was framed as evil ‘Babylon’ and departure as equivalent to leaving the faith.",A nominally voluntary warning-and-expulsion process can become coercive when the same institution controls necessities and defines exit as spiritual betrayal.,"It does not document a specific dangerous-member case, the content or number of warnings, evidence standards, appeal, emergency protection, or post-exit outcomes.",The author applies a modified total-institution model and emphasizes moral compliance more than overt force.,Members may have sincerely accepted covenant obligations and the community may have needed a final response to repeated disruption; loss of benefits alone does not prove unlawful coercion.,"Household handling, warning, and required departure are identified, but no independent adjudication or transition process is described.",No case-specific outcome is supplied.,"High for separating necessities and faith from discipline, written thresholds, independent appeal, and funded safe exit; low for judging any individual sanction.",C,Fair separation / non-waivable rights / selecting legal couplings,high,yes,The article predates later public investigations of the Jesus Fellowship; current and case-specific evidence is required before naming allegations. DOI: https://doi.org/10.9707/0739-1250.1665
F-068,Track A protective adaptation,M-0527,011-between-zion-and-babylon-the-application-of-the-total-institution-model-to-a-christian-charismatic-community-t.pdf,"Vol. 22, no. 1 (2002)",Between Zion and Babylon: The Case of the Jesus Fellowship,Stephen Hunt,Jesus Fellowship / New Creation Christian Community,PDF pp. 24 and 26; printed pp. 121 and 123,"121, 123",,full text,"participant observation, movement literature, and sociological analysis","The fellowship developed several membership styles, allowing a person to change level of involvement without leaving the church; residential community members had become less than one-third of total membership. A note states that capital assets placed in the Community Trust Fund could be refunded when a member left.",Graduated belonging and portable capital can turn an all-or-nothing exit into a reversible reduction of institutional exposure.,"It does not state exact refund rules, timeliness, independent valuation, whether debts or appreciation were included, or whether members could change status freely during conflict.",The author sees differentiated membership as both an adaptation that supported growth and a dilution of residential communal distinctiveness.,Membership tiers may also create unequal voice or a low-commitment periphery; the source does not evaluate that risk.,Status change and asset refund are described as established options; no dispute case tests their practical availability.,The movement persisted and grew while the residential core proportion declined.,"High for graduated membership, time-away options, and portable equity; requires precise contemporary contract design.",B,Membership pipeline / children and alumni / fair separation / money and land,medium,yes,Verify historical trust documents and actual refund practice before treating the protection as proven. DOI: https://doi.org/10.9707/0739-1250.1665
F-069,Track A source-limited admission case,M-0527,011-between-zion-and-babylon-the-application-of-the-total-institution-model-to-a-christian-charismatic-community-t.pdf,"Vol. 22, no. 1 (2002)",Between Zion and Babylon: The Case of the Jesus Fellowship,Stephen Hunt,Jesus Fellowship / New Creation Christian Community,PDF pp. 22-23; printed pp. 119-120,119-120,,full text,"participant observation, movement literature, and sociological analysis","The author reports high turnover among newer non-community members and describes a weakly integrated faction of recruits with substance use or emotional difficulties who could be disruptive, steal, use the community temporarily for necessities, and leave. The established residential-member dropout rate was reported as under ten percent, versus thirty percent for baptized non-community members.","High-need recruitment can produce real disruption and opportunistic use, but this source shows no conduct-specific assessment, graduated support plan, protection process, or tracked reintegration outcome.","It does not establish diagnoses, danger, prevalence of theft, whether descriptions came from leaders or direct observation, or whether community conditions contributed to the behavior.",The author treats the transitory constituency as an underlife that never consolidated into a stable counterculture.,"Leaders may have interpreted ordinary ambivalence, poverty, relapse, or unmet needs as opportunism; the language may reproduce class and mental-health stigma.","Recruitment from the street, welfare provision, weak integration, disruption or theft, temporary residence, and departure are described in aggregate; no individual case review is supplied.",High turnover continued while new recruitment still produced net growth.,"Moderate for staged admission, explicit capacity limits, individualized support, conduct-specific response, and non-stigmatizing outcome tracking.",B,Math of absorption / membership pipeline / fair separation,medium,yes,"Do not convert ‘emotionally disturbed,’ substance use, homelessness, or poverty into danger proxies. DOI: https://doi.org/10.9707/0739-1250.1665"
F-070,Track A corrective-channel contrast,M-0550,009-the-male-work-ethic-was-busted-black-bear-ranch-1968-1974.pdf,"Vol. 23, no. 1 (2003)","The Male Work Ethic Was Busted: Black Bear Ranch, 1968-1974",Tim Hodgdon,Black Bear Ranch,PDF pp. 11 and 13-14; printed pp. 104 and 106-107,"104, 106-107",,full text,"historical analysis using interviews, participant writings, and archival material","During a coercive anti-monogamy campaign, some members ignored the rule or complied only outwardly. General redefinition proceeded through what an insider called group decision-making and bullying in which the loudest faction often prevailed. Later, separate women's meetings built enough solidarity for women to challenge gendered labor; their organized pressure increased men's household work and changed some attitudes.","Consensus-like whole-group processes can hide bullying and false compliance, while an autonomous affinity channel can give a subordinated group enough backing to correct a normalized harm.","It does not quantify coercion, show that women's meetings were protected by a rule, establish durable correction across all domains, or provide a dangerous-person response process.",The author argues that feminist and gay-liberation agitation materially shifted debate and practice despite incomplete results.,"The affinity group also contributed to factional conflict, and some changes may have come from broader social movements or individual maturation rather than its meetings alone.","Resistance, hidden noncompliance, factional decision conflict, separate meetings, public challenge, and practical labor changes are documented; formal appeal or protection is not.","Household labor became less gendered and some men reported changed attitudes, while sexual and relational conflict remained unresolved and the commune dispersed in 1974.","High for protected caucuses, confidential dissent, anti-retaliation, and checking whether consensus reflects safe disagreement; low for direct dangerous-actor management.",B,Dissent / evidence channels / governance / relational practice,high,no,Preserve the source's mixed result: useful correction arose inside a conflictual process and did not resolve every inequality. DOI: https://doi.org/10.9707/0739-1250.1558
F-071,Track A direct design,M-0566,009-searching-for-solidarity-in-uncharted-territory.pdf,"Vol. 24, no. 1 (2004)",Searching for Solidarity in Uncharted Territory,Lawrence Schein and Rose Schein,Grasmere,PDF pp. 3 and 9; printed pp. 112 and 118,"112, 118",,full text,participant retrospective by two members with a 26-year communal archive,"Grasmere barred automatic inheritance of membership so adults would not be forced to accept mature children they considered disruptive and the children would not face a later rejection. New families underwent an interview, a weekend visit, and a six-month probation before mutual final admission; some were declined or withdrew over sharing, communication, intrusiveness, or diffuse authority.","A community can protect belonging to family without turning kinship into automatic adult governance rights, and can use a mutual probationary process that produces observable conduct before admission.","It does not define disruptive behavior, report an appeal, test malicious exclusion, or show that probation identifies skilled deceivers or future danger.",The authors present these rules as pragmatic solutions for a multigenerational part-time community.,Excluding adult children from ownership can also weaken their security and voice; financial barriers narrowed the applicant pool.,"Non-inheritance, preferred-guest status, staged interviews and visits, six-month probation, and mutual final choice formed the process.",The commune operated for 26 years and dissolved unanimously; no dangerous-member test of the admission process is reported.,High for separating family connection from governance rights and for staged mutual admission; low as proof of bad-faith screening efficacy.,B,Children / membership pipeline / money and land,high,no,"The phrase ‘disruptive’ is the authors' hypothetical criterion, not a documented case or diagnosis. DOI: https://doi.org/10.9707/0739-1250.1590"
F-072,Track A direct design,M-0566,009-searching-for-solidarity-in-uncharted-territory.pdf,"Vol. 24, no. 1 (2004)",Searching for Solidarity in Uncharted Territory,Lawrence Schein and Rose Schein,Grasmere,PDF p. 8; printed p. 117,117,,full text,participant retrospective by two members with a 26-year communal archive,"For disputed business issues, every adult spoke in a go-round; strong disagreement led to deferral or a time-limited experiment followed by evaluation. Separate communal-living meetings addressed exclusion, anger, perceived unfairness, hurt, and rejection. Rotating chairs and secretaries and written minutes supported equal participation. The authors report these meetings usually restored relations but did not resolve bitterness over dissolution.","Deferral, reversible trials, mandatory review, a separate relationship forum, role rotation, and durable records can reduce pressure to force premature consensus and preserve later audit.","It does not show confidentiality, recusal, emergency safety procedures, independent appeal, protection from a determined bad actor, or success in the dissolution conflict.",The authors call the meetings a safety valve aimed at behavior change without violating dignity.,"Frequent multi-hour meetings may favor stamina, status, or verbal skill, and apparent restored relations may include silent accommodation.","Go-round, deferral or reversible experiment, evaluation, a separate living-conflict meeting, rotating facilitation, and minutes formed the process.",Most routine conflicts were reported as resolved; dissolution left lingering bitterness.,"High for reversible decisions, scheduled review, procedural records, and separating operational from relational conflict; incomplete for severe danger.",B,Governance / conflict architecture / evidence protocol,high,no,"Do not generalize from a small, affluent, part-time kin-based community to a residential high-risk setting without stress tests. DOI: https://doi.org/10.9707/0739-1250.1590"
F-073,Track A governance challenge,M-0561,004-god-and-gender-structures-of-opportunity-in-an-american-yogic-community.pdf,"Vol. 24, no. 1 (2004)",God and Gender: Structures of Opportunity in an American Yogic Community,Susan Love Brown,Ananda Village,PDF pp. 12-14 and 20; printed pp. 11-13 and 19,"11-13, 19",,full text,"participant observation, leader interviews, community survey, and retrospective update","Ananda had an elected Village Council and committees, but an informal council directed both legal entities and constituted the highest authority. Founder Kriyananda held exceptional authority; longevity, service, positive attitude, spiritual progress, and attunement with him helped determine power. The article later notes a costly sexual-harassment scandal but does not describe its handling.",Formal elected bodies can coexist with a shadow authority system whose spiritual status tests and founder exception control consequential decisions.,"It does not establish that the informal council caused or mishandled harassment, identify complainants, give legal findings, or show that every decision bypassed elected governance.",The author emphasizes women's access to leadership while acknowledging founder exception and informal control.,"The informal council may have supplied expertise and continuity, and women shared many senior positions; the scandal reference alone cannot establish governance failure.","Elected governance, committees, counseling by managers, informal supreme direction, and founder exception are described; the allegation-response process is absent.","The community survived lawsuits and a costly harassment scandal, expanded geographically, and changed formal spiritual leaders while Kriyananda remained its spiritual center.","High for mapping practical authority, rejecting longevity or attunement as safety proxies, and routing founder allegations outside informal spiritual control.",C,Founderism / governance / evidence channels / safety proxies,high,yes,Verify the harassment litigation and later governance changes independently before naming the case in article prose. DOI: https://doi.org/10.9707/0739-1250.1630
F-074,Track A source-method warning,M-0579,006-basic-sense-the-more-philosophy-of-victor-baranco-and-the-institute-of-human-abilities.pdf,"Vol. 25, no. 1 (2005)",Basic Sense: The More Philosophy of Victor Baranco and the Institute of Human Abilities,Laurie Rivlin Heller,Morehouse / Institute of Human Abilities,PDF pp. 9 and 12; printed pp. 36 and 39,"36, 39",,full text,"historical and interpretive synthesis using movement publications, courses, journalism, and secondary sources","Morehouse trained non-therapists to lead intense encounter exercises and framed participants as able to lie, answer, or refuse while the leader manipulated emotional highs and lows. Its philosophy also taught that perceived deprivation reflected a victim stance and that individuals create their experience. The article supplies no participant-harm case or independent outcome study for these practices.","Peer-led transformational practice can combine unqualified authority, deliberately intensified emotion, and a worldview that makes harmed people responsible for their own experience.","It does not establish coercion in each group, diagnose the founder, show that refusal was punished, quantify harm, or prove that the philosophy caused later casualties mentioned generally by the author.",The author interprets the movement as secular religion and argues that relativism and weak social controls contributed to failure.,"Participants may have experienced the exercises as voluntary education, and the article's later cultural critique is polemical and relies heavily on secondary commentary.","Training and group exercises are described, but licensing, screening, confidentiality, adverse-event response, and independent review are not.",The organization declined as many participants aged and returned to conventional lives; no practice-specific outcome is established.,"Moderate for a firewall between peer care and governance, competent supervision, informed consent, stop rights, adverse-event review, and rejection of victim-blaming.",B,Community as therapist / non-waivable rights / safety and evidence,medium,yes,"Use as a mechanism warning, not proof of abuse or therapeutic inefficacy. DOI: https://doi.org/10.9707/0739-1250.1575"
F-075,Track A child context,M-0583,010-dating-and-educational-behaviors-of-hutterian-youth.pdf,"Vol. 25, no. 1 (2005)",Dating and Educational Behaviors of Hutterian Youth,Suzanne R. Smith and Bron B. Ingoldsby,Hutterite colonies,"PDF pp. 3, 5, and 12; printed pp. 114, 116, and 123","114, 116, 123",,full text,ethnographic synthesis and a small survey of outside teachers,"The article says authority figures control children's conduct through praise and punishment, including corporal punishment by German teachers acting with parental authority. It reports serious youth violence and drug use as practically nonexistent while minor rule-breaking was unofficially tolerated. Some outside teachers described lying, cheating, or stealing as wrong mainly when detected and expected children to reproduce the discipline they had experienced.",A punishment-centered system may suppress visible serious misconduct while leaving moral reasoning externalized around authority and detection; low observed violence does not validate the discipline model.,"It does not measure violence prevalence, verify every teacher claim, establish effects of corporal punishment, document a persistently dangerous child, or provide allegation-to-outcome cases.",The authors use Kohlbergian moral-development theory and suggest restrictive parenting may intensify some rebellion.,"Outside teachers may misunderstand Hutterite moral reasoning, and low serious violence may reflect strong peer monitoring, cohesion, opportunity limits, or underreporting.","Adult and peer monitoring, punishment, tolerated minor deviation, and detection-based correction are described in aggregate; assessment, review, and individual outcomes are absent.",Serious violence and drug use were reported as rare; some young men left and minor covert violations persisted.,"Moderate for distinguishing behavioral suppression from internalized accountability and requiring nonviolent discipline, confidential reporting, and independent child advocacy.",B,Children / school / discipline / safety metrics,medium,yes,Historical and culturally specific evidence; current safeguarding standards and direct Hutterite perspectives are required before recommendation. DOI: https://doi.org/10.9707/0739-1250.1579
F-076,Track A child negative result,,Volumes 21-25 discovery corpus,Volumes 21-25 (2001-2005),Cumulative targeted search and issue-by-issue discovery scan,Research checkpoint,Communal Societies volumes 21-25,97 PDFs; 25 relevant or contextual close reads,,,full extracted corpus,systematic bounded search result,"Across all 97 PDFs, complete title triage, targeted vocabulary search, proximity inspection, and relevant-source close reads found youth violence described as rare, ordinary rule-breaking and theft, corporal punishment, peer monitoring, child autonomy, and children exposed to adult factional conflict. No source documented a persistently dangerous child as actor together with allegation, assessment, intervention, review, and later outcome.",The specified dangerous-child evidence pattern is absent from this completed chunk under the recorded search and close-read procedure.,"It does not prove that no such case exists in volumes 26-45, standalone sources, different terminology, unpublished records, or communities outside the journal.",Not applicable.,"The journal may avoid private child cases, describe them euphemistically, or route them into education, medicine, juvenile law, family history, or book-length sources.",Not applicable.,Bounded null for volumes 21-25.,High for this chunk; none for the full literature until remaining sources and standalone books are processed.,F,Research/school function / dangerous-child branch,high,no,"Child victims, ordinary rebellion, aggregate claims, adult danger near child terms, and punishment without a dangerous-child actor were excluded."
F-077,Track A response process,M-0604,011-the-society-of-separatists-of-zoar-vs-zoar-and-the-courts.pdf,"Vol. 26, no. 1 (2006)",The Society of Separatists of Zoar vs....: Zoar and the Courts,Kathleen M. Fernandez,Society of Separatists of Zoar,PDF pp. 2-9; printed pp. 105-112,105-112,,full text,"historical legal synthesis using articles of agreement, notices, testimony, and reported court decisions","Zoar's articles assigned disputes to a five-member Standing Committee and stripped a dissatisfied member of further membership rights. After reports of tavern drunkenness, fighting, secret money, and hoarded goods, Johannes Goesele refused the committee hearing and remained in the tavern. Counsel then issued a conduct-specific eviction notice inviting excuse, extenuation, and cause against expulsion. Goesele sued instead. Courts upheld the communal contract under which separation or expulsion ended property claims; his wife could receive support only by returning to live and work at Zoar. The Society later gave the impoverished former members supplies.","Conduct-specific notice and an offered hearing can coexist with a severe, structurally coercive consequence. Judicial enforcement of a property contract does not establish that the internal fact-finding, forfeiture rule, or practical exit was fair.","It does not prove every allegation against Goesele, show that the committee was independent, establish what evidence it weighed, show whether he received the notice before suing, or make the nineteenth-century forfeiture holdings current law.",The author presents the litigation as both a dismissal problem and a landmark validation of communal property arrangements.,"Goesele's refusal to attend may have defeated a usable internal remedy, and forfeiture may have been central to preserving the common estate; later material aid also complicates a simple abandonment account.",Standing Committee jurisdiction; allegations and testimony; offered hearing; conduct-specific notice and opportunity to show cause; expulsion and eviction; external litigation; conditional support and later supplies. No neutral internal appeal is described.,The dismissal produced nearly twenty years of litigation. The former members recovered no equity and experienced poverty; the Society survived and provided some supplies.,"High for separating notice and fact-finding from exit equity, ensuring independent appeal, and preserving unconditional transition support for spouses and dependents.",C,Fair separation / money and land / outside response,high,yes,Do not treat the reported court holdings as current legal advice. DOI: https://doi.org/10.9707/0739-1250.1491
F-078,Track A separation and escalation,M-0600,007-easter-1832-a-brief-interlude-of-peace-for-georg-rapp-s-harmony-society.pdf,"Vol. 26, no. 1 (2006)","Easter, 1832: A Brief Interlude of Peace for Georg Rapp's Harmony Society",Eileen Aiken English,Harmony Society and New Philadelphia seceders,PDF pp. 4-7; printed pp. 39-42,39-42,,full text,"historical reconstruction from conflicting community accounts, depositions, correspondence, and press material","The Harmony Society and 1832 seceders agreed to a $105,000 separation payment in three installments with deductions and release conditions. The first payment was reduced and later adjusted; the final payment was delayed while the payer demanded release of claims. With the splinter settlement in debt and short of food and medicine, a delegation of 79 men arrived to present an appeal and seek asset records. Accounts disagree about weapons and who initiated violence. The militia intervened and a trial was scheduled, but the splinter society dissolved and the trial never occurred.","A written exit settlement can fail when one side controls deductions, records, release conditions, and disbursement. Without a neutral accounting and escalation channel, urgent material need and mixed-purpose collective action can turn an equity dispute into a safety crisis.","It does not resolve the competing accounts of payment, weapons, assault, or intent; establish the exact legal entitlement of either side; or show that neutral escrow alone would have prevented the conflict.",The author concludes that neither side won and that bitterness and institutional damage outlasted the immediate dispute.,"The seceders' own spending, leadership, and debt contributed materially to their desperation, while the Harmony Society may have had legitimate unresolved-claim concerns.",Negotiated installment agreement; deductions and appeal; delayed final payment; written collective appeal; attempted access to records; disputed violence; militia and court referral; no completed adjudication.,"The splinter society dissolved before trial, members scattered, bitterness persisted, and the Harmony Society entered a long economic decline.","High for neutral valuation, common records, escrow, payer-independent disbursement, rapid hardship relief, and a safe channel for contested mass exit.",C,Fair separation / money and land / conflict architecture,medium,yes,The source explicitly reconstructs incompatible accounts; do not choose a culprit where it does not. DOI: https://doi.org/10.9707/0739-1250.1487
F-079,Track A governance safeguard,M-0606,013-changing-pilots-in-mid-stream-how-german-american-communitarian-societies-successfully-handled-the-deaths-of-t.pdf,"Vol. 26, no. 1 (2006)",Changing Pilots in Mid-Stream: How German-American Communitarian Societies Successfully Handled the Deaths of Their Founders,Michael Taylor,Harmony Society,PDF p. 5; printed p. 138,138,,full text,comparative historical synthesis,"George Rapp made no succession provision. A democratically elected Council of Elders, created during an earlier legal crisis with limited temporal authority, became the Society's religious and secular governing body after his death. When designated religious leader Jacob Henrici tried to establish absolute authority, the council and co-trustee R. L. Baker rebuked him. Henrici accepted the rebuke and remained minister; the community survived the transition for decades.","A representative body created before a succession crisis can become a practical override: it constrained a would-be autocrat without requiring either submission or total removal, and separated ministry from final governance.","It does not show how inclusive the election was, whether the council could handle abuse allegations, how often it checked leaders, or that the later society was otherwise democratic or safe.",The author credits shared goals and the expanded Council of Elders with allowing the Society to survive its initial leadership transition.,Henrici's willingness to accept correction and the community's continuity of purpose may have mattered as much as the council's formal design.,Preexisting elected council; post-founder expansion of authority; collective rebuke of successor; successor accepts limited role and remains in office.,The attempted concentration of power was checked and the Society continued for decades.,"High for installing an elected, independently legitimate body before succession and giving it power to narrow a leader's role without making every correction existential.",B,Founderism / succession / tested override,high,yes,"A positive mechanism, not proof that the council was adequate in all domains. DOI: https://doi.org/10.9707/0739-1250.1493"
F-080,Track A governance safeguard,M-0606,013-changing-pilots-in-mid-stream-how-german-american-communitarian-societies-successfully-handled-the-deaths-of-t.pdf,"Vol. 26, no. 1 (2006)",Changing Pilots in Mid-Stream: How German-American Communitarian Societies Successfully Handled the Deaths of Their Founders,Michael Taylor,Community of True Inspiration / Amana,PDF pp. 8-10; printed pp. 141-143,141-143,,full text,comparative historical synthesis,"An 1854 inspired testimony attributed to Christian Metz condemned any dissolution of communal ties and threatened deprivation and disgrace for those responsible. In 1919, older members who remembered the testimony rejected a constitutional revision permitting reorganization or dissolution. In 1932, the Great Change separated the religious and business sides, allowing economic reorganization while preserving the church's stated spiritual purpose.",A dead founder's recorded words can retain a practical veto long after personal succession succeeds. Institutional separation can make revision possible by protecting the valued purpose while changing the legal-economic form.,"It does not prove the testimony alone caused the 1919 rejection, quantify the cost of delay, establish unanimity in 1932, or show that structural separation solves other capture risks.","The author treats shared goals, rather than transfer of charisma, as the main continuity mechanism and the Great Change as a smooth adaptation.",Economic pressures and generational change may have driven both the delayed resistance and eventual reorganization more than institutional design did.,Archived prophetic prohibition; failed constitutional revision; later separation of religious and business institutions.,Reorganization was delayed in 1919 and achieved in 1932 without dissolving the religious body.,High for testing whether amendment rules bind founding texts and for considering separable legal entities when mission and operating form must change at different speeds.,B,Founderism / rule revision / plan the funeral,high,yes,"The source discusses inherited veto power, not a dangerous-person case. DOI: https://doi.org/10.9707/0739-1250.1493"
F-081,Track A source-method warning,M-0617,010-validation-in-the-shaker-era-of-manifestations-a-process-analysis.pdf,"Vol. 26, no. 2 (2006)",Validation in the Shaker Era of Manifestations: A Process Analysis,Glendyne Wergland,Shakers,PDF pp. 5-6 and 11-16; printed pp. 124-125 and 130-135,"124-125, 130-135",,full text,historical process analysis using Shaker journals and visitor accounts,"Leaders treated separately reported matching visions as corroboration, then sent Isaac Newton Youngs to place obstacles in the girls' path and test them. Youngs was already a committed believer; after validating the visions he demonstrated their actions to leaders and peers, potentially supplying a script. A skeptical journal keeper was replaced. When a girl admitted augmenting a gift, the deception was said to have been exposed and reproved by a true gift. Doubt was veiled, questioning was discouraged to preserve union, contradictory gifts emerged, and leaders later restricted manifestations and closed public worship.","Multiple reports and an apparently empirical test are not independent when investigators, witnesses, vocabulary, incentives, and final authority share the same prior commitment. Punishing criticism and using the disputed channel to validate itself weakens falsification.","It does not prove that all visions were feigned, that leaders knowingly manufactured evidence, that the girls were dangerous, or that the described restraint and regulation were clinically appropriate.",The author models the episode as a multi-stage social validation process in which official acceptance enabled spread and later required regulation.,"Shared belief does not itself make an experience false; leaders did test claims, expose at least some pretense, and eventually narrow disruptive public behavior.",Separate reports; insider testing; demonstration; leadership validation; criticism suppression; insider policing of fraud; later restrictions and closure to outsiders.,"The manifestations spread, generated contradictions and control problems, and were eventually constrained; public worship later became more moderate.","High for evidence-channel independence, blinded or outside assessment, preservation of dissent, and avoiding circular validation in allegations or safety reviews.",C,Evidence protocol / dissent / safety proxies,high,yes,The girl's admitted embellishment is not a dangerous-child case. DOI: https://doi.org/10.9707/0739-1250.1504
F-082,Track A capture attempt,M-0619,012-the-outlaws-of-kalalau-the-aloha-spirit-and-threats-to-the-commune.pdf,"Vol. 26, no. 2 (2006)","The Outlaws of Kalalau, the Aloha Spirit, and Threats to the Commune",Jeffrey S. Rasley,Outlaws of Kalalau,PDF pp. 5-6 and 8-11; printed pp. 170-171 and 173-176,"170-171, 173-176",,full text,small first-person observational account with follow-up conversations and email,"The group recognized Chaz only as a mediator and had no means to exclude anyone from the valley, though it could socially exclude a person. Member Akamai announced that thirty young Hawaiians willing to resist state authority would come to clear sacred sites. He later wrote that only Hawaiians could live in the community he intended to establish and the current Outlaws would be visitors. Chaz relied on an informal understanding and then dismissed the plan as impractical. A court jailed Akamai for camping violations and failure to appear; the proposed replacement community had not materialized by the author's next visit.","An open-access ethos and purely mediating leadership supplied no internal forum or authority for testing an explicit proposal to displace existing members. The leader relied on personal assurance and feasibility rather than a decision, boundary, or contingency.","It does not show that the announced group existed, that violence or displacement was imminent, that Akamai had practical control, that other members were intimidated, or that the park prosecution addressed the internal capture proposal.","The author treats both state pressure and Akamai's sovereignty project as threats, while reporting that residents ultimately regarded the latter as foolish and unlikely.",The proposal may have been aspirational rhetoric and nonintervention may have been proportionate; the group's lack of land title also limited any formal exclusion power.,Informal disclosure; private assurance to mediator; no recorded group deliberation or conditions; leader feasibility judgment; unrelated external law enforcement.,"The proposal was unrealized at the observed checkpoint, Akamai served a short sentence on park charges, and the existing group continued.","Moderate for requiring a defined body to assess capture proposals, membership displacement, threatened force, and conflicts between open access and residents' safety.",C,Founderism / capture test / open-door limits,medium,yes,"Tiny, informal group and a first-person account; the state action was not an internal safety remedy. DOI: https://doi.org/10.9707/0739-1250.1506"
F-083,Track A classification failure,M-0648,004-utopian-communal-experiments-in-tasmania-a-litany-of-failure.pdf,"Vol. 28, no. 1 (2008)",Utopian Communal Experiments in Tasmania: A Litany of Failure?,William Metcalf,Southport Village Settlement,PDF pp. 13-17; printed pp. 12-16,12-16,,full text,"historical synthesis using prospectus, press reports, official inspection, and site research","An outside Ladies Committee controlled finances, selected members, appointed the manager, and imposed forty-one rules. Residents then faced poor soil, inadequate food, exposed housing, an allegedly incompetent manager, intrusive rules, and interpersonal conflict. After six months, fourteen families had left or been expelled as 'unsuitable or unworthy' and were replaced by other desperate unemployed people. The ten remaining men voted to end communal work and divide the land into individual allotments.","Opaque suitability labels and rapid replacement can turn a site, management, capacity, and voice failure into an alleged member-character failure. Screening more people does not correct a structurally unworkable environment.","It does not identify which families left and which were expelled, specify the conduct behind any expulsion, prove the replacements were unsuitable, or isolate the effect of communal versus individual tenure.","The author emphasizes repeated Tasmanian communal failure and describes Southport as paternalistic, poorly planned, and materially harsh.","Some departures or expulsions may have been justified, and individual allotments may have improved incentives independently of governance or site quality.",Outside selection and rules; informal conflict smoothing; departures and unspecified expulsions; immediate replacement; member ballot to abandon communal work.,"Communalism ended after six months; families worked separate plots, outside support later ceased, and only six families remained by 1898.","High for auditing admission and expulsion labels against site capacity, manager competence, resident voice, and comparable outcomes after replacement.",D,Membership pipeline / math of absorption / labor and voice,high,yes,Preserve the source's combined phrase 'left or been expelled'; it does not support treating every departure as removal. DOI: https://doi.org/10.9707/0739-1250.1437
F-084,Track A system response and child protection,M-0649,005-evolution-of-the-family-international-children-of-god-in-the-direction-of-a-responsive-communitarian-religion.pdf,"Vol. 28, no. 1 (2008)",Evolution of The Family International/Children of God in the Direction of a Responsive Communitarian Religion,Gordon Shepherd and Gary Shepherd,The Family International / Children of God,PDF pp. 9-15; printed pp. 34-40,34-40,,full text,"historical and organizational synthesis informed by leadership interviews, visits to 23 homes in 16 countries, 21 headquarters interviews, observation, and movement publications","The 1975 appointed hierarchy was described as susceptible to abuses of power; Berg responded by firing the entire leadership, appointing replacements, allowing homes to elect shepherds, and eventually disbanding the old organization. The authors report some adult-minor sexual contact following Berg's teachings in the late 1970s and early 1980s. Later rules abolished such contact under excommunication and banishment. The 1995 Charter specified child education, physical and mental health, age-based sexual rules, and home governance after legal consultation, grassroots workshops, revision, and a leadership vote; it was later updated under external and internal pressure.","The movement used organization-wide removal, elected local leadership, categorical safeguarding rules, legal input, member consultation, and a revisable charter in response to systemic abuse and child-related pressure. System reform and case-level accountability are separate functions.","It does not provide individual allegation-to-assessment cases, show who was responsible, establish repair for harmed children, test whether the purge or bans were enforced fairly, quantify abuse, or independently validate claims that later police investigations found no evidence.",The authors interpret the changes as substantial movement toward a more responsive communitarian religion.,"Their sustained access to current leaders and homes may favor the institution's reform narrative; a whole-tier purge sacrifices individual adjudication, and later reforms may also have served legitimacy and liability goals.",Wholesale leadership removal and reorganization; elected local shepherds; categorical prohibition with expulsion sanction; Charter drafting with legal and grassroots input; periodic revision and specialist boards.,"The organization survived, formalized child-related rules, and broadened participation, but the source does not establish victim repair or case-level outcomes.","High for pairing system-wide safeguarding reform with a separate, independent case process, records, remedies, implementation audit, and child advocacy.",C,Children / fair separation / non-waivable rights / governance,medium,yes,The source is unusually access-dependent and sympathetic. Its characterization of critics and exonerating raid claims are not adopted as independent findings. DOI: https://doi.org/10.9707/0739-1250.1438
F-085,Track A shadow governance,M-0649,005-evolution-of-the-family-international-children-of-god-in-the-direction-of-a-responsive-communitarian-religion.pdf,"Vol. 28, no. 1 (2008)",Evolution of The Family International/Children of God in the Direction of a Responsive Communitarian Religion,Gordon Shepherd and Gary Shepherd,The Family International,PDF pp. 16-20 and 23-25; printed pp. 41-45 and 48-50,"41-45, 48-50",,full text,organizational ethnography and leadership-access synthesis,"Many channels, editors, boards, and local councils participated in policy and prophecy, but Maria selected topics, commissioned channels, approved published prophecies, and always retained final approval. At home level, conflicts submitted to prophecy were typically muted and outward consensus achieved. Later restructuring purged 'lackadaisical and dissident' members and made whole homes subject to status downgrade for missing annual benchmarks. The authors conclude that when prophecy and democracy conflict, theos overrides demos.","Distributed participation, multiple reviewers, elected officers, and consensus rituals do not constitute an override when one person controls the final evidence-policy channel and whole-unit sanctions reward conformity. Formal participation and practical veto must be tested separately.","It does not show that every prophecy session was coerced, that every dissenter was unsafe or harmless, how benchmark appeals worked, or that the leadership used its final authority maliciously.",The authors describe a durable theo-democracy that is more participatory yet remains on the authoritarian side of the spectrum.,"Extensive consultation may have constrained final authority in practice even without a formal veto, and common standards may have served legitimate coordination and safeguarding functions.",Multi-stage consultation and editing; final leader approval; local prophecy-based consensus; centralized compliance monitoring; whole-home downgrade and membership purge.,Participation expanded while centralized control became more complex and effective; significant defection continued and final doctrinal authority remained concentrated.,"High for mapping who commissions evidence, edits it, sets the question, controls final approval, hears appeals, and bears sanctions—not merely counting participants or votes.",D,Founderism / evidence channels / cohesion and dissent,high,yes,Use the source's own mixed conclusion; do not treat participatory procedure as either wholly fake or independently decisive. DOI: https://doi.org/10.9707/0739-1250.1438
F-086,Track A external complaint and settlement,M-0663,004-waco-and-oneida-the-impact-of-public-opinion-on-the-survival-of-unconventional-religious-communal-groups-in-am.pdf,"Vol. 28, no. 2 (2008)",Waco and Oneida: The Impact of Public Opinion on the Survival of Unconventional Religious-Communal Groups in America,Lawrence Foster,Oneida Community,PDF pp. 10-14; printed pp. 9-13,9-13,,full text,interpretive historical synthesis using a published compilation of primary Oneida sources,"After Henry Seymour severely whipped his mentally disturbed wife Tryphena, her father obtained an assault-and-battery indictment and nine members were required to testify. A settlement ended the charge: the community paid asylum expenses and promised an annual stipend after discharge. When the family later threatened additional indictments, Oneida hosted neighbors and paid the complainant for a discharge and, conditionally, for using his influence to stop the indictments. The community resumed complex marriage. The article describes no internal discipline or assessment of Seymour.",An external complaint produced treatment support and material provision that the internal system had not supplied. Conciliation can reduce escalation while also redirecting attention from offender accountability to institutional survival and suppression of further legal scrutiny.,"It does not show that the settlement was unfair to Tryphena, that the later indictments had merit, that Seymour faced no unreported consequences, or that litigation rather than conciliation would have produced a better outcome.","The author praises Oneida's compromise, public relations, admission of mistakes, and nonviolent handling of hostile outsiders as a survival strategy.",Avoiding a public trial may have protected Tryphena and secured care; the payment could be ordinary settlement rather than improper suppression. The absent internal accountability record remains material either way.,Family complaint and criminal indictment; witness testimony; out-of-court treatment and stipend agreement; later public outreach; payment conditioned on discharge and efforts to stop further indictments; no internal offender review described.,"Charges were defused, the community resumed its practices and survived for decades, while the source records support for Tryphena but no stated consequence for the person who whipped her.","High for distinguishing victim support, mediation, legal settlement, public relations, evidence preservation, and offender accountability as separate requirements.",C,Outside mediator / fair separation / legal coupling / evidence protocol,medium,yes,The article is strongly polemical about Waco; only the documented Oneida sequence is promoted. DOI: https://doi.org/10.9707/0739-1250.1452
F-087,Track A source-method correction,M-0667,008-dark-error-s-night-will-soon-be-gone-dynamics-of-participation-in-new-harmony-1824-1827.pdf,"Vol. 28, no. 2 (2008)","Dark Error's Night Will Soon Be Gone!: Dynamics of Participation in New Harmony, 1824-1827",Peter Hohn,New Harmony,PDF pp. 3 and 10-13; printed pp. 68 and 75-78,"68, 75-78",,full text,quantitative historical analysis of community ledgers compared with narrative accounts,"A received explanation blamed New Harmony's failure on open admission and lazy, inefficient, parasitic members. The contribution-and-consumption ledgers showed no significant deterioration over time; low-skilled members did not live comparatively free from the common store; local settlers contributed materially at high levels; and members elected to draft the constitution contributed about half the average while consuming near the average. The author notes that informal economies and intellectual contributions are incompletely captured.","Contemporaneous administrative records can test and reverse stigmatizing narratives about low-status members. Productivity, class, official-account participation, and elite status are not self-validating evidence of character or safety.","It does not prove that no one exploited the community, capture informal exchange or intellectual work completely, assess dangerous conduct, or show that ledger contribution should determine moral worth.","The author argues that inherited identities and incompatible visions, not simple malingering, better explain the experiment's end.","The ledgers may miss precisely the informal work, concealment, quality differences, or interpersonal conduct that informed participants' judgments.",Retrospective audit of debits and credits against a longstanding blame narrative; no historical bad-actor adjudication is described.,"The parasite explanation was not supported by the tested ledger patterns, and elite contributors were not materially superior by the same measure.","High for auditing admission, contribution, and expulsion labels with predeclared measures, comparable groups, complete records, and explicit measurement limits.",D,Safety proxies / membership pipeline / math of absorption,high,yes,"An audit of a safety proxy, not a dangerous-person case. DOI: https://doi.org/10.9707/0739-1250.1456"
F-088,Track A founder exception,M-0666,007-mary-baker-eddy-s-households-community-experiments-in-early-christian-science-history.pdf,"Vol. 28, no. 2 (2008)",Mary Baker Eddy's Households: Community Experiments in Early Christian Science History,Michael W. Hamilton,Mary Baker Eddy's Pleasant View household / Christian Science,PDF pp. 6-7; printed pp. 63-64,63-64,,full text,historical synthesis quoting the Church Manual,"Christian Science combined democratically governed branch churches with a self-perpetuating central board. A Church Manual bylaw required a three-year member, upon Eddy's written request, to report to her within ten days and serve for three consecutive years. Refusal, or departure without directors' consent, led to excommunication upon Eddy's complaint. Service paid $1,000 per year plus board; married helpers could be separated from spouses and children, though some couples served and some workers were released early.",A federal or democratic organizational form can coexist with a personalized founder exception that compels service through religious sanction and converts refusal or early exit into an offense.,"It does not state how often the bylaw was invoked or enforced, show legal compulsion beyond church sanction, establish that all service was involuntary, or prove abuse within the household.",The author places the bylaw within Eddy's effort to train followers for continuity and notes both public criticism and the movement's democratic branch structure.,"Members may have regarded the paid service as a valued religious duty, and board consent plus early releases may have provided meaningful flexibility.",Founder request; ten-day reporting deadline; three-year duty; board consent for early release; excommunication initiated by founder complaint for refusal or unauthorized departure.,"The household was staffed and used for leadership formation; the article does not enumerate refusals, sanctions, or individual later outcomes.","High for auditing founder-specific bylaws, compelled labor, family separation, refusal rights, term limits, and who can initiate sanctions.",D,Founderism / non-waivable rights / labor and exit,high,yes,Religious excommunication is not equated here with legal confinement. DOI: https://doi.org/10.9707/0739-1250.1455
F-089,Track A failed override and hidden authority,M-0669,010-review-of-the-order-of-the-solar-temple-the-temple-of-death.pdf,"Vol. 28, no. 2 (2008)",Review of The Order of the Solar Temple: The Temple of Death,Holly Folk,Order of the Solar Temple,PDF pp. 2-4; printed pp. 96-98,96-98,,full text,book review summarizing a multi-author scholarly collection,"The Solar Temple operated through multiple names and shell organizations, with important information hidden from all but an inner circle. Luc Jouret was the visible Grand Master while Joseph Di Mambro held greater but less conspicuous authority. Jouret lost the title around 1990-1991, but the review says it is unclear whether Di Mambro accepted the ouster; Jouret retained close ties and formed a shadow organization. In 1994 the inner circle murdered some labeled traitors, drugged and shot others, and killed themselves; additional deaths followed in 1995 and 1997.","Formal removal from a visible title is not a tested override if hidden authority, personal networks, parallel organizations, information, and operational access remain intact.","It does not establish that the failed removal caused the killings, resolve who acted willingly, identify a single trigger, describe an internal appeal, or correct discrepancies in the underlying edited volume.","The reviewer emphasizes secrecy, layered authority, membership decline, external pressure, and unresolved social dynamics, while criticizing the underlying collection's gaps.",The later violence may have arisen from changes after the title dispute that no formal override available in 1990 could reasonably have predicted or prevented.,Formal title removal; uncertain acceptance by hidden superior authority; continuing network ties and shadow organization; no transparent containment or evidence review described.,The network remained operative and later produced three episodes of murder-suicide totaling seventy-four deaths.,"High in principle, but only moderate evidentially: removal must cut practical authority, assets, security access, communications, and parallel entities and must be independently verified.",C,Founderism / tested override / evidence preservation,medium,yes,"Review-level evidence only. The teenage daughter and other children were victims, resisters, or escapees—not dangerous-child actors. DOI: https://doi.org/10.9707/0739-1250.1458"
F-090,Track A child negative result,,Volumes 26-28 discovery corpus,Volumes 26-28 (2006-2008),Cumulative targeted search and issue-by-issue discovery scan,Research checkpoint,Communal Societies volumes 26-28,82 PDFs; 41 relevant or contextual close reads,,,full extracted corpus,systematic bounded search result,"Across all 82 PDFs, complete title triage, six-family keyword scoring, five-family process screening, child-danger proximity inspection, and 41 relevant or contextual close reads found child victims and dependents, youth rebellion in aggregate, ordinary misconduct, a girl who admitted embellishing a religious performance, and fictional child cruelty or violence. No source documented a persistently dangerous child as actor together with allegation, assessment, intervention, review, and later outcome.","The specified dangerous-child evidence pattern is absent from this completed chunk under the recorded search, proximity, exclusion, and close-read procedure.","It does not prove that no such case exists in volumes 29-45, standalone sources, different terminology, unpublished records, book-length sources, or communities outside the journal.",Not applicable.,"Privacy, euphemism, fiction, aggregate reporting, and routing into education, medicine, juvenile law, family records, or memoir may hide cases from a communal-history journal.",Not applicable.,Bounded null for volumes 26-28.,High for this chunk; none for the full literature until the remaining sources and standalone books are processed.,F,Research/school function / dangerous-child branch,high,no,"Adult actors near child terms, child victims, ordinary conduct, aggregate claims, and invented characters were excluded. The cumulative bounded null now covers volumes 1-28."
F-091,Track A capture-seeking label and adjudication,M-0683,008-the-communal-wanderings-of-august-jacobi.pdf,"Vol. 29, no. 1 (2009)",The Communal Wanderings of August Jacobi,Peter Hoehnle,Community of True Inspiration at Ebenezer,PDF p. 4; printed p. 43,43,,full text,"historical reconstruction using journals, a private memorandum, and a membership record","August Jacobi arrived in July 1851, was accepted on probation, and was appointed in November to teach English to young male members. Six months later the elders expelled him after what the membership record called a 'Godly disclosure.' Leaders described a false and proud heart, disobedience, deception, slyness, and a ravenous wolf, but the author states that the 'trouble' prompting expulsion is not recorded in Ebenezer or Amana sources. The author's suggestion that Jacobi may have sought influence or power is expressly speculative.","Probation, useful service, and confident insider labels can coexist with a record that never identifies the alleged conduct. A capture-seeking or deception label is not itself a conduct-specific allegation, evidentiary finding, or reviewable reason.","It does not prove Jacobi was innocent, identify what he did, show what evidence the elders possessed, document notice or reply, or establish that he attempted to capture the community.",The author emphasizes the archival silence about the trouble and cautiously proposes an attempted search for influence or power as one possibility.,"Serious conduct may have been known to contemporaries but omitted for privacy, theological convention, or archival loss; the expulsion may therefore have been justified even though the surviving record cannot show it.","Probation; teaching appointment; elder assessment framed as spiritual disclosure; expulsion. No conduct-specific notice, member reply, recusal, or appeal is described.",Jacobi left Ebenezer after expulsion and continued his communal travels; the source records no internal review or later correction of the labels.,"High for requiring conduct-specific allegations, preserved evidence, reply, and appeal before treating deception, infiltration, or capture language as an adjudicated fact.",C,Membership pipeline / fair separation / capture-seeking test,high,yes,"High confidence in the documented opacity, not in any underlying allegation. DOI: https://doi.org/10.9707/0739-1250.1408"
F-092,Track A materially usable exit,M-0681,006-community-sustainability-the-challenge-of-intergenerational-change.pdf,"Vol. 29, no. 1 (2009)",Community Sustainability: The Challenge of Intergenerational Change,Peter H. Cock,Moora Moora Cooperative Community,PDF pp. 7-8; printed pp. 28-29,28-29,,full text,first-person organizational reflection by an original participant,"Moora Moora created a loan scheme for share and house purchases and guaranteed that the community would buy out a departing member after a two-year wait. The author says credit-union funding was available but expensive, the community had placed the interests of entrants ahead of leavers, and the amount returned on leaving was not commensurate with the cost of moving elsewhere.","A formal buyout promise and nominal permission to leave do not make exit materially usable when the delay, valuation, and liquidity leave a member unable to rehouse elsewhere.","It supplies no contract text, amounts, valuation method, completed payout example, hardship case, default rate, or later reform outcome.","The author treats the loan and guarantee as progress that deliberately makes entry and exit easier but not too easy, while acknowledging unresolved equity.",A waiting period and discounted payout may be necessary to prevent a common estate from being destabilized by turnover; the unresolved question is whether that collective need is paired with a viable transition for the leaver.,"Entry financing; guaranteed community buyout; two-year wait; costly external credit; no neutral valuation, escrow, hardship bridge, or accelerated safety exit is described.","The mechanism existed, but the author reported that joining was cheap relative to common assets and leaving remained expensive relative to relocation.","High for testing exit deadlines, valuation sufficiency, liquidity, hardship relief, household needs, and funding independence rather than counting a buyout clause alone.",C,Children's outward door / money and land / fair separation,high,yes,The source describes policy from an insider perspective rather than auditing completed payouts. DOI: https://doi.org/10.9707/0739-1250.1406
F-093,Track A conflict timing and mediation,M-0681,006-community-sustainability-the-challenge-of-intergenerational-change.pdf,"Vol. 29, no. 1 (2009)",Community Sustainability: The Challenge of Intergenerational Change,Peter H. Cock,Moora Moora Cooperative Community,PDF pp. 10-11; printed pp. 31-32,31-32,,full text,first-person organizational reflection by an original participant,"Moora Moora employed an outside facilitator whose approach was a circle or 'go around' to learn how members and groups saw current conflicts. The author reports that mediation was difficult once conflict had exploded and supporters reinforced opposing camps. When significant conflict remained unresolved, members eventually left; rebuilding consumed finite time, energy, and friendships.",The existence of an outside mediator is not enough if the route activates only after factional identities and informal reinforcement have hardened. Timing and pre-crisis legitimacy are part of the mechanism.,"It does not describe one complete dispute, facilitator selection, confidentiality, recommendations, compliance, comparative outcomes, or whether earlier mediation would have prevented departures.",The author sees unresolved conflict as both a sustainability threat and a recurring drain on a community that can rebuild only so many times.,Some conflicts may have reflected irreconcilable priorities for which departure was an appropriate outcome; the circle process may have surfaced differences even if it did not reconcile them.,"Outside facilitator; cooperative-wide circle; late-stage mediation after escalation; no specified early trigger, binding follow-up, or route around a conflicted leader is described.",Some unresolved conflicts ended in member exits and costly rebuilding; the source does not quantify or compare cases.,"High in principle for selecting and normalizing an outside route at formation, defining early triggers, and following outcomes; moderate as case evidence because the account is aggregate.",C,Conflict architecture / outside mediation,medium,no,"This is an experienced participant's aggregate process account, not a controlled comparison. DOI: https://doi.org/10.9707/0739-1250.1406"
F-094,Track A protected reporting and scoped outside response,M-0699,006-marie-ogden-and-the-home-of-truth-a-millennial-prophet-and-the-life-and-decline-of-her-community.pdf,"Vol. 29, no. 2 (2009)",Marie Ogden and the Home Of Truth: A Millennial Prophet and the Life and Decline of her Community,Bradley C. Whitsel,Home of Truth,PDF pp. 17-20; printed pp. 40-43,40-43,,full text,historical synthesis using regional press and movement records,"Edith Peshak died of cancer in February 1935 after she and her husband joined in hope that Marie Ogden could cure her. For four months Ogden denied death to residents and used washings, forced feedings, and laying on of hands on the corpse while seeking resurrection. Information of unknown origin reached the sheriff as many members departed. Officials inspected the mummified remains and reported no obvious health risk requiring burial. Ogden then restricted outsider contact. In 1937 authorities and Peshak's adult son demanded a death certificate; a recent defector alleged that Ogden had secretly ordered cremation in 1935 so colonists would not know. Ogden did not answer that allegation but signed the certificate to avoid possible prosecution. Authorities did not require disclosure of the remains or further response. Roughly fifteen loyal members remained and the failed resurrection was reframed spiritually.","An outside truth boundary may depend on a protected insider route, and each agency intervention has a limited purpose. Inspection and correction of a legal record can leave evidence preservation, body disposition, internal disclosure, and community accountability unresolved.","It does not show that medical treatment was denied before death, identify the person who first reported, prove the alleged cremation, establish a prosecutable offense, or show what fuller intervention was legally authorized at the time.","The author links the affair to mass departure, loss of confidence, prophetic disconfirmation, and the community's decline, while noting uncertainty about the precise reasons members left.",Officials may reasonably have stopped when no immediate health risk or burial requirement applied; remaining members may have sincerely accepted Ogden's theology rather than simply being coerced.,Internal concealment and ritual treatment of the corpse; possible insider report; sheriff investigation and inspection; leader-imposed isolation; later defector allegation; renewed official and family demand; prosecution pressure; death-certificate compliance; no reported inquiry into the allegation or body location.,"Death was formally recorded, but the location and disposition of the remains remained unresolved in the account. Most members left; a small loyal group continued under a revised spiritual explanation.","High for predefining confidential reporting, records preservation, agency handoffs, purpose and stopping rules, and follow-up when one outside actor resolves only one part of a safety event.",C,Outside reporting / evidence preservation / legal and medical couplings,high,yes,The cremation and source of the initial leak remain allegations or inferences. No pre-death medical-neglect finding is made. DOI: https://doi.org/10.9707/0739-1250.1424
F-095,Track A tested constitutional override,M-0700,007-the-ongoing-shaker-covenant.pdf,"Vol. 29, no. 2 (2009)",The Ongoing Shaker Covenant,Stephen J. Paterwic,United Society of Believers / Shakers,PDF pp. 3-7; printed pp. 64-68,64-68,,full text,"corrective historical argument using covenants, ministry minutes, correspondence, and legal records","Shaker covenants were read to members and revisions required their signatures or approval. A general revision proposed by ministry member Giles Avery in 1877 was never adopted. The 1957 amendments allowed the Ministry to close a society and dispose of its property, assets, and personnel only with approval of the affected membership; Eldress Emma King obtained written approvals. In 1963 King withheld central approval for Sabbathday Lake admissions but wrote that the local community could proceed on its own responsibility. The author argues that the Ministry lacked power to close the Covenant and that the local admission route remained open.","A practical constitutional override can include an accessible and periodically reread governing document, affected-member assent, a documented failed leader-proposed amendment, and a subordinate body's ability to proceed despite central disapproval.","It does not show that every signature was independent or informed, test the covenant in a safety allegation, establish equal voice, or prove that the author's contested correction of the closure narrative is the only interpretation.",The author seeks to correct the repeated claim that King closed Shaker membership and argues from the covenant and governance record that she lacked unilateral authority.,"The article says King expected unquestioning obedience, so formal written assent may not equal independent consent; practical deference and legal authority may also have diverged.",Annual or periodic reading; member signatures; failed 1877 proposal; affected-member approval for 1957 closure and asset powers; local option to reject central advice on admissions.,"The 1877 revision failed, the 1957 amendments passed with written approvals, and Sabbathday Lake continued admitting members despite the Ministry's refusal to endorse the plan.","High for testing amendment and override clauses against actual leaders, requiring affected-member approval, preserving local refusal, and keeping governing texts inspectable.",B,Founderism / tested override / amendment and branch rights,high,yes,Positive mechanism with a consent caveat; the article is an advocacy-style correction grounded in cited primary records. DOI: https://doi.org/10.9707/0739-1250.1425
F-096,Track A capture-seeking entity design,M-0702,009-our-land-rodger-mcafee-and-his-life-long-quest-for-community-in-america.pdf,"Vol. 29, no. 2 (2009)",Our Land: Rodger McAfee and His Life-Long Quest for Community in America,Morgan E. Bowen,Our Land,PDF pp. 29-31 and 35; printed pp. 108-110 and author's note,108-110,,full text,"sympathetic reflection based primarily on founder interviews, with selected press and record corroboration","After earlier cooperative efforts failed and during a long foreclosure conflict, Rodger McAfee described an evolving three-part design: a perpetual farmland trust whose assets could not be indebted or sold, an Our Land cooperative community, and a Unifam religious organization. He explicitly presented religious organization as a means of membership control and exclusion, saying it would let him remove people he perceived as secret agents. The article does not show that this church structure was created or used. An author's note reports that after McAfee's death the federal government foreclosed on the farm and corporate assets, while Our Land Corporation retained eighty acres elsewhere under his son's presidency.","Entity form, a land lock, and spiritual language can be proposed partly to increase a founder's power to classify and exclude perceived infiltrators. The reason a protective legal structure is chosen is itself an anti-capture audit question.","It does not validate McAfee's legal claims about churches, show that perceived agents existed, establish incorporation or implementation of Unifam, show an expulsion case, or prove that the proposed structure caused foreclosure or would have prevented it.",The author treats McAfee as a compelling visionary and friend but explicitly leaves the veracity of much of his story to the reader and says the account remains primarily McAfee's own perspective.,McAfee had experienced real political and foreclosure conflict and may have sought a sincere spiritual community plus legitimate defenses against disruption; a properly governed trust can protect common land without concentrating adjudicatory power.,"Proposed perpetual trust; proposed cooperative; proposed religious membership gate and expulsion power based on founder perception. No independent board, conduct threshold, evidence test, notice, or appeal is described.",The contemplated exclusion system is not shown in operation. The main farm and assets were later foreclosed; a separate eighty-acre parcel remained with the corporation for another farming group.,"High as a capture-seeking design test: audit the purpose, operator, evidence standard, legal review, independent board, and whether trust or entity powers bind the founder and security actors.",D,Money and land / founderism / capture test,medium,yes,The finding is limited to self-described intent and proposed design. It does not adopt McAfee's statutory claims or allegations of infiltration. DOI: https://doi.org/10.9707/0739-1250.1427
F-097,Track A failed incapacity override and dissent route,M-0701,008-seeing-the-faces.pdf,"Vol. 29, no. 2 (2009)",Seeing the Faces,Laura Kohl Johnston,Peoples Temple / Jonestown,PDF pp. 7-9; printed pp. 78-80,78-80,,full text,retrospective first-person survivor account,"Johnston reports that discussion of Jim Jones's deteriorating physical and mental health was taboo. When members tried to establish a triumvirate to succeed him in governing Jonestown, Jones flatly refused. Rumors of unhappiness or unwillingness to stay triggered public confrontation. About twenty defectors left with Congressman Leo Ryan on November 18, 1978; Johnston says Jones had concealed personal information and then coerced residents toward mass death. She survived because she had been assigned to Georgetown and later reconstructed the last day through survivor conversations and researchers she trusted.","A succession or incapacity safeguard that the leader can refuse is not an override. Health concerns, dissent, and contemplated exit require a confidential route outside the leader's information and sanction system.","It does not show the proposed triumvirate's membership, authority, independence, or likely effectiveness, and it cannot establish that accepting it would have prevented the murders and deaths. It is retrospective and partly reconstructs events the author did not witness.","The survivor presents leader isolation, paranoia, concealed facts, coercion, and hostility to defection as part of the final collapse while emphasizing the humanity and constructive work of many members.","The rejected triumvirate may itself have been insufficient, and the catastrophe involved multiple operational, political, and psychological conditions beyond the failed succession proposal.",Member-proposed triumvirate; unilateral leader refusal; taboo on incapacity discussion; public confrontation of rumored dissent; physical exit by a group of defectors; no independent review or non-retaliation route described.,"The override did not activate. The defectors' departure coincided with the final crisis and mass deaths; surviving members later built mutual support, memorial, and public-education work.","High for making incapacity and replacement mechanisms non-waivable, independently triggered, confidential, and operational before a leader controls information and exit.",C,Founderism / incapacity override / protected dissent and exit,medium,yes,Do not reduce the Jonestown catastrophe causally to the refused triumvirate. DOI: https://doi.org/10.9707/0739-1250.1426
F-098,Track A succession practice and adaptive override,M-0726,004-dissolution-as-an-act-of-creation-the-koreshan-unity.pdf,"Vol. 30, no. 2 (2010)",Dissolution as an Act of Creation: The Koreshan Unity,Lynn Rainard,Koreshan Unity,PDF pp. 14-23; printed pp. 13-22,13-22,,full text,"historical synthesis using community archives, publications, correspondence, and newspapers","Cyrus Teed's rules required his and Victoria Gratia's consent for changes, but he routinely disregarded the formal structure and kept Gratia traveling with him, limiting her chance to develop independent leadership. After his death no single voice controlled the response, members guarded his body, factions hardened, and members left. Gratia's earlier failure during a coal, illness, and cash crisis and her later inability to resolve food and creditor problems undermined confidence. After she left and married, directors removed her, redirected payments to Estero, and elected James Bubbett board president with George Hunt's support. The majority reinterpreted central founder doctrine, while dissidents and exiles continued other versions. The reorganized settlement then experienced a comparatively stable period despite long-run decline.","A named successor is not resilience when the founder prevents delegated practice. A workable transition may require independent control of contributions, board election, authority to remove a successor, capacity to amend founder doctrine, and room for dissenting continuities.","It does not show that Gratia's removal was procedurally fair, free of factional or sex bias, justified as a safety measure, or approved by all members; later stability does not establish autonomy or overall wellbeing.","The author argues that partial dissolution through departure, doctrinal redefinition, and organizational reshaping can be creative and can extend communal life.","The directors may have used crisis and Gratia's marriage to rationalize a factional seizure, while doctrinal reinterpretation protected loyalty to Teed more than independent governance.",Unpracticed designated succession; post-death factional conflict; noncompliance and departure; director removal of successor; redirection of contribution flows; board election; doctrinal amendment; continuing dissident branches.,"The immediate succession plan failed, but a board-led reorganization and revised doctrine produced a more stable period. Membership later declined and rival interpretations persisted.","High for requiring real delegated practice before succession, independent board and financial powers, a tested removal route, amendment authority, and a non-punitive way for dissenters to fork.",B,Founderism / succession / continuity and adaptive dissolution,high,yes,A positive adaptability mechanism with serious procedural and bias caveats; it is not a dangerous-actor adjudication. DOI: https://doi.org/10.9707/0739-1250.1387
F-099,Track A supported household exit,M-0732,010-review-of-nightwatch-an-inquiry-into-solitude-alone-on-the-prairie-with-the-hutterites.pdf,"Vol. 30, no. 2 (2010)",Review of Nightwatch: An Inquiry into Solitude: Alone on the Prairie with the Hutterites,Peter Hoehnle,Starland Hutterite colony,PDF p. 3; printed p. 122,122,,full text,book review summarizing a former member's memoir,"The review says Robert Rhodes, his wife, and their three children left Starland because of internal spiritual turmoil and concern for their daughters under traditional constraints. The colony gave the family a vehicle and money to begin outside, and the senior minister gave Rhodes what the reviewer calls a unique and likely unprecedented blessing as a Hutterite brother-at-large.","A constructive exit can combine material runway for the whole household with permission to retain a durable, non-governing affiliation rather than requiring relational erasure.","It gives no amounts, terms, timing, eligibility rule, independent verification, experience of the daughters, or later material and relational outcomes, and it does not show that other leavers received the same support.",The reviewer treats the memoir as unusually balanced and the supported departure as evidence that it is not a harsh critique of colony life.,"The support may have been discretionary and exceptional rather than a right, and the blessing may not have preserved practical contact or belonging.","Family decision to leave; colony-provided vehicle and money; senior minister's continuing-affiliation blessing. No adjudication, appeal, or standardized exit protocol is described.",The family began life outside with material help and symbolic continuing affiliation; the review supplies no later follow-up.,"Moderate but promising for household-scale transition support, explicit alumni status, protected contact, and exit assistance that is not conditioned on return.",B,Children's outward door / fair separation / relational continuity,medium,yes,Review-level evidence and apparently exceptional practice; retrieve the memoir before treating it as a replicable policy. DOI: https://doi.org/10.9707/0739-1250.1393
F-100,Track A child negative result,,Volumes 29-30 discovery corpus,Volumes 29-30 (2009-2010),Cumulative targeted search and issue-by-issue discovery scan,Research checkpoint,Communal Societies volumes 29-30,64 PDFs; 30 relevant or contextual close reads,,,full extracted corpus,systematic bounded search result,"Across all 64 PDFs, complete title triage, six-family keyword scoring, five-family process screening, child-danger proximity inspection, and 30 relevant or contextual close reads found children as victims, dependents, students, objects of ordinary adult discipline, pressured spiritual figures, or relatives near adult conflict. No source documented a persistently dangerous child as actor together with allegation, assessment, intervention, review, and later outcome.","The specified dangerous-child evidence pattern is absent from this completed chunk under the recorded search, proximity, exclusion, and close-read procedure.","It does not prove that no such case exists in volumes 31-45, standalone sources, different terminology, unpublished records, book-length sources, or communities outside the journal.",Not applicable.,"Privacy, euphemism, aggregate reporting, and routing into education, medicine, juvenile law, family records, or memoir may hide cases from a communal-history journal.",Not applicable.,Bounded null for volumes 29-30.,High for this chunk; none for the full literature until the remaining journal and standalone sources are processed.,F,Research/school function / dangerous-child branch,high,no,"Child victims, dependents, ordinary discipline, childhood biography, adult conflict near child terms, and review-level speculation were excluded. The cumulative bounded null now covers volumes 1-30."
F-101,Track A tested founder removal versus asset control,M-0759,004-zion-city-a-theocratic-municipality-with-a-coda-on-ave-maria.pdf,"Vol. 31, no. 2 (2011)","Zion City: A Theocratic Municipality, With a Coda on Ave Maria",Holly Folk,Christian Catholic Apostolic Church / Zion City,PDF pp. 5-7; printed pp. 4-6,4-6,,full text,"historical synthesis using church, municipal, dissertation, press, and local-history sources","After the author reports financial mismanagement and rumors of sexual misconduct and proposed polygamy, John Alexander Dowie was deposed and ninety-five percent of church members voted to accept Wilbur Glenn Voliva as General Overseer. All church and Zion Industries assets had nevertheless been held in Dowie's name. Dowie sued over their transfer and the already-troubled businesses entered receivership. Between 1908 and 1911, adherents donated watches and jewelry and mortgaged their homes to finance reacquisition; the church also assumed a million-dollar mortgage. That mortgage remained a burden when the enterprises entered receivership again in 1933.","A founder-removal vote can work as a governance event while failing as an asset-control event. A practical override must automatically reach title, accounts, debt, contracts, and litigation authority without forcing members to repurchase common institutions through personal sacrifice.","It does not prove the sexual rumors, establish every cause of Dowie's removal, show that the referendum was independently administered, quantify individual voluntariness in the asset drive, or show that the old mortgage alone caused the 1933 receivership.",The author treats the removal and institutional reacquisition as evidence of an atypically resilient congregation whose commitment could survive a disgraced founder.,"The donations and mortgages may reflect genuine voluntary solidarity, while creditors, the Great Depression, business conditions, and later leadership decisions—not only founder title—shaped the two receiverships.",Founder deposition; member referendum; founder lawsuit; receivership; member donations and home mortgages; institutional reacquisition with a large mortgage; later receivership.,"The founder lost office and the church recovered most assets, but only after receivership and member-financed reacquisition; inherited debt remained a later vulnerability.","High for pairing every removal clause with entity-owned title, automatic signatory transition, member-visible records, debt limits, litigation control, and a continuity plan that does not depend on emergency member pledges.",B,Founderism / tested override / money and land,high,yes,"Confidence is high in the structural sequence, not in the misconduct rumors. DOI: https://doi.org/10.9707/0739-1250.1358"
F-102,Track A migration of private sanctions into public institutions,M-0759,004-zion-city-a-theocratic-municipality-with-a-coda-on-ave-maria.pdf,"Vol. 31, no. 2 (2011)","Zion City: A Theocratic Municipality, With a Coda on Ave Maria",Holly Folk,Christian Catholic Apostolic Church / Zion City,PDF pp. 7-10; printed pp. 6-9,6-9,,full text,"historical synthesis using municipal codes, dissertations, court and press records, and church sources","Christian Catholic Church members usually voted as a bloc. A contemporary observer saw no routine immediate compulsion but said Voliva's appeals functioned as instructions and his advice as commands, and believed critical disloyalty could bring suspension or expulsion. By 1914 Theocrats controlled the school board, city court, mayoralty, and nearly every local seat; Voliva held no office but selected electoral slates. The city enacted church-derived restrictions on tobacco, medicine, Sunday opening, pork, dress, and other conduct. Independents obtained an injunction against the tobacco ordinance, but Theocratic leaders declined to press the constitutional issue and left the code in place for church members. Later court records showed police arresting and fining outsider motorists for smoking while generally avoiding confrontations with residents.","A community's private sanction system can migrate into municipal law through bloc voting, candidate control, and overlapping personnel. Formal elections, sincere shared belief, nominal noncoercion, and inconsistent enforcement do not by themselves make the resulting power independent; an unlitigated or selectively enforced rule can still discipline members.","It does not show that every vote was coerced, every officeholder lacked independence, every ordinance was unlawful, every member complied from fear, or the selective-enforcement pattern's frequency. It is not a statement of current constitutional law.","The author describes a theocratic municipality in which religious adherents used civic infrastructure to apply church standards beyond the congregation, while noting sincere belief, partial nonenforcement, and some shared norms among opponents.",Many residents may have freely supported the rules as ordinary local moral or health regulation; uneven enforcement and Independent agreement with some goals may indicate negotiated community norms as well as capture.,Bloc voting; leader-selected slates; overlapping church and municipal office; enactment of religious rules as ordinances; outsider challenge and injunction; strategic nonlitigation; selective police enforcement.,Church standards gained public-law reach and remained operative inside the membership even when their enforceability was contested; enforcement differed between outsiders and residents.,"High for prohibiting leader control of public or quasi-public slates, requiring conflict disclosure and recusal, preserving independent courts and schools, auditing member/nonmember enforcement, and testing every external institution for capture rather than assuming public status equals independence.",C,Founderism / non-waivable rights / selecting legal couplings,high,yes,"The finding concerns institutional control and enforcement, not the merits of any one tobacco, health, or Sunday rule. DOI: https://doi.org/10.9707/0739-1250.1358"
F-103,Track A resident continuity and practical counter-power,M-0759,004-zion-city-a-theocratic-municipality-with-a-coda-on-ave-maria.pdf,"Vol. 31, no. 2 (2011)","Zion City: A Theocratic Municipality, With a Coda on Ave Maria",Holly Folk,Christian Catholic Apostolic Church / Zion City,PDF pp. 5-6 and 13-15; printed pp. 4-5 and 12-14,"4-5, 12-14",,full text,"historical synthesis using municipal, church, press, dissertation, and local-history sources","Some Doweites who opposed Voliva could not or did not leave their homes, jobs, and family ties. They left the church, remained in Zion, formed Grace Missionary Church, and joined a loose Independent coalition. In 1934 the Theocratic slate lost the school-board election for the first time in twenty-three years. Voliva retaliated by closing the parochial school to flood the public system with students, then quickly reversed. Residents won Sunday bus service by petition and elected an Independent judge. In 1935 six of seven Theocratic candidates lost and church members voted Voliva out as General Overseer. Leader removal did not erase shared norms: the incoming mayor promised to retain blue laws, voters kept the city dry, and a later purified-film ordinance was used against Voliva's own apocalyptic screenings.","Dissenters who can separate religious membership from residence, livelihood, family, association, and civic voice can become a durable counter-constituency. Petition, elections, parallel congregations, and the ability to withstand and reverse retaliation supplied a practical override; removing the leader did not automatically remove institutionalized norms or prevent old tools from being repurposed.","It does not show that the counter-coalition was always peaceful or inclusive, that elections alone caused Voliva's fall, that every retaliatory act was unlawful, that the new order protected all rights, or that the surviving norms were imposed rather than broadly preferred.",The author argues that the civic form which let the church extend its standards also made its domination vulnerable when demographics and voting blocs changed.,"The Depression, inherited debt, generational change, declining attendance, rival evangelists, and elite defections also weakened Voliva. Continuing blue laws may reflect stable resident preference rather than residual capture.",Internal dissent and congregational split; continued residence; coalition formation; petition; school-board and judicial elections; leader retaliation and reversal; municipal electoral defeat; church vote removing the overseer; later reuse of inherited ordinance power.,"The Theocratic coalition lost municipal and church control without a new mass exodus, while several moral regulations and local sensibilities persisted beyond the leader.","High for separating membership from housing and livelihood, protecting dissenters' continued residence and association, preserving parallel institutions and neutral civic routes, and measuring policy persistence separately from leader replacement.",B,Founderism / protected dissent / forks and continuity,high,yes,The article reports a 1911 riot injuring more than fifty people; the positive mechanism is not the factional conflict but the later lawful counter-power. DOI: https://doi.org/10.9707/0739-1250.1358
F-104,"Track A child custody, external standing, and admission rules",M-0749,010-review-of-the-great-divorce-a-nineteenth-century-mother-s-extraordinary-fight-against-her-husband-the-shakers.pdf,"Vol. 31, no. 1 (2011)","Review of The Great Divorce: A Nineteenth Century Mother's Extraordinary Fight Against Her Husband, the Shakers, and Her Times",Marlyn McGary Klee,United Society of Believers / Shakers; Chapman family,PDF pp. 3-6; printed pp. 96-99,96-99,,full text,book review of a primary-source-based historical narrative,"After Eunice Chapman rejected Shakerism, her husband James took their three children to Watervliet with a Shaker team, wagon, and men. The Shakers protected James's patriarchal custody claim, hid the children, and moved them from New York to New Hampshire while Eunice had virtually no legal standing. Over five years she obtained a private divorce act restoring civil standing, lobbied legislators, published and sold her account, organized public support, recovered her eldest child with threatening townspeople present, and later received the two daughters when the Shakers relinquished them. The review says Mother Lucy Wright subsequently directed that no children be admitted unless both parents joined.","A community cannot treat one adult's claimed authority as sufficient child-admission or relocation authority while hiding the child from another lawful claimant. External standing, public scrutiny, and an admission rule attentive to both parents emerged only after a prolonged custody conflict; modern design requires verified lawful consent and independent child representation before crisis.","It does not resolve every legal maneuver, establish a court custody order, record the children's independent wishes, prove why leaders returned them or changed the rule, show how consistently the rule was applied, or make threatening crowds and unilateral retrieval a safe model. Requiring both parents to join is not a modern rule for cases involving abuse, absence, or altered legal custody.","The reviewer says the Shakers materially supported James despite later calling the matter private and suggests adverse publicity and political turmoil may have made retention institutionally untenable, while noting that no leadership decision record survives.","Shaker leaders may have sincerely understood contemporary paternal custody law to favor James and may have changed course from legal, child-welfare, pragmatic, or reputational motives that the record cannot separate.",Parent-assisted child removal; community concealment and interstate relocation; lobbying and publication; private divorce legislation; public organizing; confrontation and retrieval of one child; voluntary return of two children; subsequent child-admission rule change.,"All three children returned to Eunice; another mother in a similar conflict did not regain hers. The Shakers announced a stricter admission rule, though later accepted orphaned and abandoned children.","High in principle for verifying custody and consent, preserving contact and location records, appointing an independent child advocate, prohibiting concealment across jurisdictions, and preselecting external review; low for the era-specific legislation and crowd confrontation.",C,Children / protected contact / external legal boundary,medium,yes,Review-level evidence; retrieve the book and underlying legal and Shaker records before naming the case as a policy precedent. DOI: https://doi.org/10.9707/0739-1250.1348
F-105,Track A child negative result,,Volume 31 discovery corpus,Volume 31 (2011),Cumulative targeted search and issue-by-issue discovery scan,Research checkpoint,Communal Societies volume 31,31 PDFs; 16 relevant or contextual close reads; 10 child-danger proximity candidates,,,full extracted corpus,systematic bounded search result,"Across all 31 PDFs, complete title triage, six-family keyword scoring, five-family process screening, child-danger proximity inspection, and 16 relevant or contextual close reads found children as massacre victims, dependents in disrupted families, students, recipients of high-risk-youth services, objects of adult custody conflict, relatives near adult sexual-misconduct allegations, childhood subjects, or OCR and metaphor proximity. No source documented a persistently dangerous child as actor together with allegation, assessment, intervention, review, and later outcome.","The specified dangerous-child evidence pattern is absent from volume 31 under the recorded search, proximity, exclusion, and close-read procedure.","It does not prove that no such case exists in volumes 32-45, standalone sources, different terminology, unpublished records, book-length sources, juvenile, educational, medical, or family records, or communities outside the journal.",Not applicable.,"Privacy, euphemism, aggregate reporting, source destruction, and routing into other professional or family systems may hide relevant cases from a communal-history journal.",Not applicable.,Bounded null for volume 31.,High for this completed unit; none for the full literature until the remaining journal and standalone sources are processed.,F,Research/school function / dangerous-child branch,high,no,The cumulative bounded null now covers volumes 1-31. Children harmed or governed by adults and youth-service recipients were excluded from the child-as-dangerous-actor result.
F-106,Track A membership-screening evidence quality,M-0775,005-social-innovations-for-communal-and-ecological-living-lessons-from-sustainability-research-and-observations-in.pdf,"Vol. 32, no. 1 (2012)",Social Innovations for Communal and Ecological Living: Lessons from Sustainability Research and Observations in Intentional Communities,Iris Kunze,"Seven intentional communities in India, the United Kingdom, and Germany",PDF pp. 10-13; printed pp. 47-50,47-50,,full text,"purposive qualitative study using prior research, a 113-community survey, observation, interviews, and documents","The study selected communities that already matched a normative list including self-organization, shared ownership, consensus or decentralized decisions, transparency, more than twenty members, and at least five years of existence. It then reported that all seven observed communities had developed applicant testing and acceptance procedures, often lasting half a year or more, and described probation as insurance for the community.","Long-established communities in this purposive sample used extended mutual-acquaintance and probation procedures; those procedures are therefore plausible practices to test, not evidence that duration itself detects bad faith or danger.","The design does not estimate false positives or false negatives, compare accepted and rejected applicants, track harmful conduct, isolate probation from other features, or show that probation caused survival. Selecting on preferred organization and prior persistence prevents a causal effectiveness claim.",The author presents the observed procedures as successful community-management tools and argues that established communities became more selective as applicant demand and infrastructure needs changed.,"Stable communities may have had the capacity to sustain longer admissions processes, while selection and survivorship explain part of the apparent association; probation may also filter difference or need rather than dangerous conduct.",Theory-derived selection criteria; purposive community selection; restudies and short participant-observation visits; interviews; description of applicant probation.,"The sampled communities had survived at least five years and used the reported procedures, but the study supplies no applicant-level safety or later-conduct outcome.","High as a research-design warning and moderate as a candidate admission practice; any modern protocol needs conduct-specific validation, comparable records, and outcome review.",D,From visitor to member / safety proxies / research-method note,high,no,Do not cite this study as validation that six months of exposure identifies con artists. DOI: https://doi.org/10.9707/0739-1250.1316
F-107,Track A concentrated financial custody and non-pursuit,M-0776,006-a-visit-to-the-shaker-village-of-white-water-in-1881.pdf,"Vol. 32, no. 1 (2012)",A Visit to the Shaker Village of White Water in 1881,Thomas Sakmyster,White Water Shaker community,PDF pp. 8-9 and 20; printed pp. 63-64 and 75,"63-64, 75",,full text,"scholarly framing of an 1881 visitor account, compared with an 1829 elder's letter",Judge A. G. W. Carter recalled that a charismatic preacher who also controlled village funds allegedly stole a large amount and fled with a Shaker woman around 1829. White Water residents remembered the episode in 1881 but supplied a likely incorrect name; a sister elder said the community did not pursue him because of its principle of nonresistance. An 1829 elder's letter independently called the likely preacher corrupt and dishonest but did not record theft.,"The source preserves a report in which preaching authority and financial custody were concentrated and a non-pursuit norm left alleged wrongdoing without documented recovery or public accountability. Nonviolence and nonretaliation still require evidence preservation, reporting, restitution, and role separation.","It does not prove the theft or sexual allegation, establish the offender's identity, state the amount, reconstruct the accounts, show whether leaders took any unrecorded protective action, or demonstrate what pursuit would have recovered.","Sakmyster identifies Nathan Burlingame as the likely preacher and says Carter's account implies possible embezzlement and licentious conduct, while noting the contemporary letter does not state the specific allegations.","Fifty-year memory, folklore, politeness, and a mistaken name may have altered the account; non-pursuit may have reflected limited jurisdiction or recovery prospects as well as doctrine.",Suspicions outside the community; departure; retrospective community acknowledgment; reported decision not to pursue.,"The visitor said the preacher was not heard from again; the article identifies no investigation, accounting, restitution, or later remedy.","High in principle for dual authorization, timely accounts, preserved records, protected external reporting, and restitution without vengeance; low for treating the historical allegation as adjudicated fact.",C,Money and land / nonviolent accountability / selecting legal couplings,low,yes,"Verify the identity, funds, departure, and any Shaker response before naming the alleged theft. DOI: https://doi.org/10.9707/0739-1250.1317"
F-108,"Track B asset lock, mission drift, and false-positive longevity",M-0787,004-charitable-trusts-and-longevity-in-new-zealand-s-intentional-communities.pdf,"Vol. 32, no. 2 (2012)",Charitable Trusts and Longevity in New Zealand's Intentional Communities,Olive Jones,"Renaissance, Riverside, Tui, and Wilderland communities",PDF pp. 20-24; printed pp. 116-120,116-120,,full text,"comparative doctoral research using current and former resident interviews, documents, and thirty-five years of participant experience","Charitable trusts kept four community properties collectively owned in perpetuity and prevented private gain from sale. At Renaissance, most founders and the productive core left, collective enterprise largely faded, buildings and land deteriorated, and around forty residents remained; the trust structure nevertheless made sale, subdivision, privatization, or closure exceptionally difficult. The study also reports that some long-term residents across the communities lacked the capital or outside earning capacity needed to relocate.","A protective asset lock can preserve land while decoupling legal survival from mission performance, community health, and usable exit. Perpetuity therefore needs scheduled purpose review, renewal or recharter rules, independent assessment, and a humane dissolution or succession path.","It does not show that trust ownership alone caused every social or maintenance problem, that every resident wanted to leave, that dissolution was preferable, or that perpetual ownership cannot enable a later revival.",Jones treats the trust as a central cause of unusual longevity and a double-edged structure that can protect collective land while immobilizing a dysfunctional or purpose-depleted community.,"The same lock prevented factional privatization, retained affordable housing, and preserved land for a future resident group; continuing occupancy may reflect preference and social value as well as constraint.","Founder departures; continued trust ownership and occupancy; limited maintenance funding; no sale, subdivision, or closure.","The land remained collective and occupied, but Renaissance's legal continuity coexisted with weak collective life, neglected assets, and mission drift.","High for treating survival and success separately and for pairing asset protection with mission metrics, periodic independent review, exit liquidity, and a defined sunset, recharter, or successor process.",B,Why communities fail / plan the funeral / money and land,high,yes,"Verify current deed terms, board practice, resident views, and property conditions before making present-tense claims. DOI: https://doi.org/10.9707/0739-1250.1328"
F-109,"Track A nominal override without duty, trigger, or recusal",M-0787,004-charitable-trusts-and-longevity-in-new-zealand-s-intentional-communities.pdf,"Vol. 32, no. 2 (2012)",Charitable Trusts and Longevity in New Zealand's Intentional Communities,Olive Jones,Renaissance Community Trust,PDF p. 10; printed p. 106,106,,full text,comparative doctoral research plus founder and former-trustee participant knowledge,"Jones reports that former residents repeatedly asked the Renaissance trustees to intervene, particularly in matters involving violence and illegal activities, but the trustees were unable or unwilling to act. She attributes the paralysis to an ambiguous deed that omitted operational duties, inability to reach a united decision, resident trustees' conflicts of interest, and an original ideology that limited trustees to holding land rather than directing community affairs. The trustees formally retained ultimate power to sell and close, but agreement and charitable-destination rules made that step unlikely.","An override body is not a safety mechanism merely because it holds ultimate legal power. It needs an affirmative duty, conduct-based trigger, decision rule, recusal standard, interim protection authority, evidence channel, and route to independent or public response.","The article does not specify the alleged incidents, identify actors, adjudicate whether violence or illegality occurred, document each appeal, show what intervention was legally available, or report later safety outcomes.","Jones argues that deed ambiguity, nonintervention ideology, internal conflict, and trustee-beneficiary conflicts made the trust incapable of responding when the resident group departed from the trust's purposes.","Trustee restraint may have protected resident self-government and avoided overreach; criminal or civil authorities, rather than land trustees, may have held responsibility for some alleged conduct, but the article does not document those routes.",Former-resident appeals to trustees; trustee indecision and nonintervention; continued community operation.,"No trust intervention or independent review is documented, and the community continued under the same basic ownership arrangement.","High for writing operational duties and escalation routes into the governing instrument before crisis, including mandatory external reporting where law or immediate safety requires it.",C,Fair separation / tested override / selecting legal couplings,medium,yes,"Treat violence and illegal-activity references as unadjudicated reports until board records, incident records, and other perspectives are retrieved. DOI: https://doi.org/10.9707/0739-1250.1328"
F-110,Track B title transfer without appointment-power transfer,M-0787,004-charitable-trusts-and-longevity-in-new-zealand-s-intentional-communities.pdf,"Vol. 32, no. 2 (2012)",Charitable Trusts and Longevity in New Zealand's Intentional Communities,Olive Jones,Wilderland Community Trust,PDF pp. 19-20; printed pp. 115-116,115-116,,full text,"comparative doctoral research using interviews, founder writings, records, and long-term observation","Dan and Edith Hansen transferred Wilderland's land to a charitable trust but the deed made them trustees for life and gave them power to elect or re-elect the other resident trustees, whose terms lasted three years. Jones reports unequal authority, insecurity, cliques, and high turnover. After the founders' deaths, their daughter's High Court effort to dismantle the community and return control to the family failed; a new board then began a management and building-compliance plan.","Transferring title out of a founder's name does not transfer practical control when the founder retains lifetime appointment and reappointment power. An anti-capture design must map trustee selection, term limits, removal, succession, resident voice, and control after death as well as the deed holder.","It does not prove that every appointment was manipulated, that founder control alone caused turnover or weak buildings, that a different election system would have prevented conflict, or that the post-founder plan succeeded.","Jones treats the retained appointment power as continuing founder control that intensified insecurity, while also crediting the trust's ownership with preserving Wilderland after the founders died.",Lifetime founder trusteeship may have been intended to preserve purpose and continuity; the failed family challenge suggests that the asset lock ultimately resisted hereditary reclamation.,Trust transfer with reserved appointment powers; trustee and non-trustee conflict; founder deaths; family court challenge; new-board planning and code negotiations.,"The family did not regain the property, founder appointment control ended after death, and a successor board began formal management and compliance work.","High for testing whether formal title separation also changes appointment, removal, succession, information, and operational authority.",B,Founderism / tested override / money and land,high,yes,"Inspect the trust deed, High Court record, board minutes, and later outcomes before presenting this as a current governance model. DOI: https://doi.org/10.9707/0739-1250.1328"
F-111,Track A child negative result,,Volume 32 discovery corpus,Volume 32 (2012),Cumulative targeted search and issue-by-issue discovery scan,Research checkpoint,Communal Societies volume 32,27 PDFs; 19 relevant or contextual close reads; 9 child-danger proximity candidates,,,full extracted corpus,systematic bounded search result,"Across all 27 PDFs, complete title triage, six-family keyword scoring, five-family process screening, child-danger proximity inspection, and 19 relevant or contextual close reads found children as students, dependents, residents, custody or raid subjects, disability-service recipients, victims of adult sexual abuse or alleged castration, and childhood biographical subjects. No source documented a persistently dangerous child as actor together with allegation, assessment, intervention, review, and later outcome.","The specified dangerous-child evidence pattern is absent from volume 32 under the recorded search, proximity, exclusion, and close-read procedure.","It does not prove that no such case exists in volumes 33-45, standalone sources, different terminology, unpublished records, book-length sources, juvenile, educational, medical, or family records, or communities outside the journal.",Not applicable.,"Privacy, euphemism, aggregate reporting, source destruction, and routing into professional, family, juvenile, or disability systems may hide relevant cases from a communal-history journal.",Not applicable.,Bounded null for volume 32.,High for this completed unit; none for the full literature until the remaining journal and standalone sources are processed.,F,Research/school function / dangerous-child branch,high,no,The cumulative bounded null now covers volumes 1-32. Children harmed or governed by adults and youth-service recipients were excluded from the child-as-dangerous-actor result.
F-112,Track A exit dependency and dissent leverage,M-0803,006-the-life-and-legacy-of-count-leon-the-man-who-cleft-the-harmonie.pdf,"Vol. 33, no. 1 (2013)",The Life and Legacy of Count Leon: The Man Who Cleft the Harmonie,Eileen Aiken English,Harmony Society and New Philadelphia seceders,"PDF pp. 27, 32-33; printed pp. 70, 75-76","70, 75-76",,full text,"archival historical reconstruction using society records, petitions, correspondence, depositions, and press material","The article says a large dissident bloc depended on Georg and Friedrich Rapp, lacked skills needed to survive outside, had surrendered earnings and inheritances into accounts controlled by Friedrich, and was unlikely to leave individually. A Rapp document listed petition signers by family beside notes on vulnerabilities such as poverty, parents remaining, or a spouse obligated to the Society; the author says it appears to have been used to pressure reconsideration. After a failed leadership challenge, Count Leon's party financed legal representation and offered a new communal project; 176 adults with 75 children seceded together.","Material and family dependency can inhibit individual exit, while an opposition with no protected internal channel may become reliant on an outside charismatic sponsor whose interests, promises, and competence have not been independently tested.","It does not prove that the vulnerability list was actually used coercively, that every dissident lacked agency or outside capacity, that Leon caused the underlying conflict, or that reliance on any outside sponsor is necessarily exploitative.","English presents Leon as a catalyst who converted longstanding Harmonist discontent into a schism through material assistance, charismatic authority, and promises of a different communal life.",The dissidents had substantial grievances and could regard Leon's resources as enabling collective bargaining and a usable exit rather than as manipulation; family-linked notes may have been informational rather than retaliatory.,Private discontent; prohibited contacts; dissident council and petition; failed attempt to replace leadership; counter-agreement and vulnerability file; outside-funded legal negotiation; collective secession and installment settlement.,"A group of 176 adults and 75 children seceded. Their New Philadelphia Society later faced debt, food and medical shortages, disputed payments, and conflict before dissolving in 1833.","High for independent pre-exit advice, protected organizing, an exit reserve, portable skills, protected family contact, anti-retaliation rules, and neutral separation support; low for assigning motive to the historical actors without the underlying records.",C,Fair separation / outward door / membership and exit,medium,yes,"Distinct from F-078, which covers settlement mechanics and escalation after secession. Verify the vulnerability document's use and the dependency claims in the underlying records. DOI: https://doi.org/10.9707/0739-1250.1281"
F-113,Track A protected internal dissent and editorial asymmetry,M-0802,005-let-down-your-buckets-declension-and-the-debate-on-shaker-marginality.pdf,"Vol. 33, no. 1 (2013)","""Let Down Your Buckets"": Declension and the Debate on Shaker Marginality",Wendy Wood Davis,United Society of Believers (Shakers),PDF pp. 22-27; printed pp. 39-44,39-44,,full text,"historical analysis using Central Ministry journals and circulars, letters, speeches, and the official Shaker periodical","During the long conservative-progressive conflict, the official Shaker monthly became a shared forum. The Central Ministry defended individual freedom to express different views and said diversity helped clarify error; it pre-screened submissions and rejected some material as too controversial but refused to silence Frederick Evans. The progressive faction nevertheless dominated early issues and Evans served as editor from 1873 to 1875, while many conservatives were reluctant to engage publicly. The dispute nearly ended the publication and continued in its pages until publication ceased in 1899.","A protected common forum can keep a major institutional dispute visible and inside a shared organization, but permission to speak is not equal voice when content approval, editorial appointments, submission volume, and willingness to publish are uneven.","It does not show that the periodical prevented a schism, caused institutional survival, distributed attention fairly, improved member safety, or applied content review neutrally between factions.","Davis concludes that neither faction won, but the debate helped participating Shakers find more modern and socially relevant voices while inherited bonds remained intact.","Ministry tolerance may itself have been the decisive safeguard, while progressive dominance may have reflected greater participation and editorial skill rather than formal exclusion; shared doctrine may have sustained unity more than the publication did.",Official journal; open factional submissions; ministerial pre-publication review; editorial changes; complaints; a ministry circular defending diversity; continued publication and debate.,"The factions continued to argue without a formal split described in the article; the journal continued until 1899, while membership declined and neither program achieved its full aims.","High for a protected internal dissent forum with transparent editorial allocation, viewpoint-neutral rules, minority access, appeal, and records; moderate for assuming that one common publication can carry every grievance.",C,Founderism / protected dissent / internal research and publication,high,no,The source documents both pluralism and asymmetry; do not flatten it into a simple success story. DOI: https://doi.org/10.9707/0739-1250.1280
F-114,Track B post-exit mutual aid and counter-accountability,M-0818,007-a-community-of-bruderhof-leavers-reflections-on-the-kit-hummer-process.pdf,"Vol. 33, no. 2 (2013)",A Community of Bruderhof Leavers: Reflections on the KIT/Hummer Process,J. Timothy Johnson and Ruth Lambach,Bruderhof leavers and the KIT/Hummer network,PDF pp. 5-19; printed pp. 164-178,164-178,,full text,"participant-observer qualitative case study using a purposive, self-selected focus group, publications, archives, and the authors' long involvement","Leavers created the KIT newsletter in 1989; within a few years it reached about five hundred addresses and was joined by gatherings, an email network, memoir publishing, archives, and a fund that gave limited help to some leavers. Later support included college-admission letters, explanations of financial constraints, health and emergency networking, and informal aid to newer leavers. KIT kept public and private subscriber lists because some participants feared identification could jeopardize remaining family contact. The authors report strong success in contact and heritage work, mixed healing, and marginal-to-failed success in changing the Bruderhof or securing unrestricted family access.","An independently controlled alumni or leaver network can convert a scattered exit population into practical transition support, confidential peer contact, an archive of counter-narratives, and an external feedback constituency. Such a network can support leavers without functioning as an effective appeal or reform mechanism inside the parent institution.","The self-selected, nonrepresentative study does not estimate outcomes for all leavers, compare participants with nonparticipants, independently verify the article's allegations about the Bruderhof, or prove that the network caused healing, educational entry, or later wellbeing.",The authors describe KIT as a generally effective multifunctional virtual community for many participants while emphasizing its limited influence on Bruderhof conduct and family-access rules.,"People with unresolved or negative experiences may be more likely to participate, the network can consolidate an adversarial collective narrative, and younger leavers may prefer different channels; some nonparticipants may have moved on successfully without it.","Informal contact; newsletter; gatherings; email network; small fund; memoir publication and archiving; private identities; targeted educational, financial, health, and relational support.","The network persisted for more than two decades and supported some leavers; at the study date the Hummer had about forty-five participants and the newsletter more than two hundred addresses. The formal fund dissolved, and unrestricted family contact or institutional reform was not achieved.","High for an optional, independent alumni channel with confidential lists, emergency grants, education and document support, archives, gatherings, and periodic feedback; low for treating participant allegations as adjudicated facts.",B,Fair separation / outward door / alumni feedback / movement continuity,medium,yes,"Do not duplicate F-051's source-limited family-contact finding. Verify the wiretap, litigation, and retaliation claims separately before naming them; the durable finding here is the leaver-network mechanism and its reported limits. DOI: https://doi.org/10.9707/0739-1250.1296"
F-115,Track A child negative result,,Volume 33 discovery corpus,Volume 33 (2013),Cumulative targeted search and issue-by-issue discovery scan,Research checkpoint,Communal Societies volume 33,36 PDFs; 28 relevant or contextual close reads; 9 child-danger proximity candidates,,,full extracted corpus,systematic bounded search result,"Across all 36 PDFs, complete title triage, six-family keyword scoring, five-family process screening, child-danger proximity inspection, and 28 relevant or contextual close reads found children as dependents in mass exit, leavers or victims of adult conflict, family and schooling subjects, theological figures, fictional characters, and people near adult political or religious violence. No source documented a persistently dangerous child as actor together with allegation, assessment, intervention, review, and later outcome.","The specified dangerous-child evidence pattern is absent from volume 33 under the recorded search, proximity, exclusion, and close-read procedure.","It does not prove that no such case exists in volumes 34-45, standalone or book-length sources, different terminology, unpublished or protected records, juvenile, educational, medical, disability, or family systems, or communities outside the journal.",Not applicable.,"Privacy, euphemism, aggregate reporting, source destruction, and routing into professional, family, juvenile, educational, disability, or medical systems may hide relevant cases from a communal-history journal.",Not applicable.,Bounded null for volume 33.,High for this completed unit; none for the full literature until the remaining journal and standalone sources are processed.,F,Research/school function / dangerous-child branch,high,no,"The cumulative bounded null now covers volumes 1-33. Children harmed, governed, moved, or represented by adults and children in fiction were excluded from the child-as-dangerous-actor result."
F-116,Track A non-waivable child necessities and external override,M-0839,006-mummyjum-the-shaker-pilgrim-encounter-of-1817-1818.pdf,"Vol. 34, no. 1 (2014)",Mummy Jum: The Shaker-Pilgrim Encounter of 1817-1818,Christian Goodwillie,Isaac Bullard's Pilgrims; Union Village Shakers,"PDF pp. 20, 23; printed pp. 73, 76","73, 76",,full text,"historical synthesis using newspapers, Shaker journals and correspondence, and published travel narratives","Goodwillie reports from Timothy Flint that the New Madrid County sheriff brought provisions to the Pilgrims' island and stood guard while starving children ate against Isaac Bullard's orders. Goodwillie later reports that Thomas Nuttall was told two other children had been taken from the remnant group because of their condition. Some former Pilgrims separately left, received assistance, and later joined the Shakers.","The source reports outside actors bypassing a leader's control of food to meet children's immediate needs, followed by a separate report of child removal. It shows why basic necessities and child protection need a route that does not depend on the implicated authority chain's consent.","It does not identify the sheriff's legal authority, an assessment standard, who ordered or carried out the child removal, whether it was temporary or permanent, the children's identities, or their later outcomes. It does not independently verify Flint's or Nuttall's information and does not concern a dangerous child actor.","Goodwillie presents the Pilgrim story as a tragic encounter in which the Shakers gained converts and may have saved some lives, while treating several contemporary accounts critically.","Hostile newspapers and observers may have sensationalized the group; the sheriff episode may have been one-time relief rather than a child-protection system, and adult departures also reflected individual agency rather than external rescue alone.",Severe deprivation and illness; outside observation and concern; sheriff arrival with provisions; guarded access to food despite the leader's order; later reported removal of two children; voluntary exits and reception of some survivors by another community.,"The reported intervention allowed starving children to eat immediately. A later informant said two other children had been removed, but no placement or long-term outcome is given. Ten former Pilgrims were reportedly living with the Shakers by April 1820.","High for non-waivable food and urgent health access, confidential child reporting, an independent child advocate, and a lawful external trigger with documented follow-up; zero for copying armed coercion or historical child removal without modern legal process.",C,Children / non-waivable rights / selecting external couplings,low-medium,yes,"Verify Flint, Nuttall, any New Madrid County record, and family outcomes before using this as a legal precedent. The finding concerns protection from an adult leader, not the dangerous-child branch. DOI: https://doi.org/10.9707/0739-1250.1252"
F-117,"Track A leader capture, isolation, and disabled peer checks",M-0861,010-review-of-renegade-amish-beard-cutting-hate-crimes-and-the-trial-of-the-bergholz-barbers.pdf,"Vol. 34, no. 2 (2014)","Review of Renegade Amish: Beard Cutting, Hate Crimes, and the Trial of the Bergholz Barbers",Lynn S. Neal,Bergholz Amish community,PDF pp. 2-4; printed pp. 225-227,225-227,,full review; underlying book not inspected in this checkpoint,"scholarly book review of a reconstruction based on legal documents, Amish newsletters, interviews, and the book author's prosecution-expert role","The review says Bishop Sam Mullet increasingly separated Bergholz from other Amish communities, excommunicated challengers, rejected other Amish leaders' authority, owned most of the land, and led followers who were largely immediate or extended family. The review attributes failure of the usual checks on a bishop to this isolation and centralization. Internal confinement, paddling, and hair-cutting practices preceded five attacks on disapproving relatives and perceived critics; sixteen defendants were convicted as of the review's publication.","The reviewed case links the disabling of reciprocal peer checks with a bundle of familial, patriarchal, ecclesiastical, disciplinary, and property authority. It also supplies a sequence in which internal punitive practices were redirected toward outside critics before external criminal prosecution occurred.","A four-page review cannot isolate causation, establish every participant's voluntariness or individual responsibility, evaluate victim recovery, generalize to Amish life, or provide the case's later appellate and sentencing history. It does not show that kinship, heterodoxy, separation, or charismatic leadership is itself a danger signal.","The reviewer reports Kraybill's analysis that divergence, isolation, and centralized authority prevented ordinary checks from operating, while criticizing the book's limited comparison and its failure to examine the author's prosecution role.","Theological difference and kinship/property structure may be context rather than causes; responsibility for the attacks remains individual, and the broader dispute and criminal-law issues require the underlying record.","Challenges followed by excommunication and rejection of outside religious authority; emergence of internal punitive rituals; an idea to apply hair cutting to outsiders; five attacks over two months; arrest, FBI prosecution, joint trial, and convictions reported at the publication date.","The review reports that all sixteen defendants, including Mullet, were convicted at the 2012 trial. It gives no victim follow-up, internal reform, appellate result, resentencing, or later community outcome.","High for auditing whether one person can combine title, family leverage, discipline, religious office, and complaint control while severing reciprocal peer review; high for protecting critics and leavers; low for treating isolation, kinship, or doctrinal difference as safety proxies.",B,Founderism / capture audit / external accountability,medium,yes,"Inspect Kraybill's book, the federal docket and appeals, victims' accounts, and post-2014 outcomes before stating final legal results. Do not adopt or diagnose from the review's cult discussion. DOI: https://doi.org/10.9707/0739-1250.1274"
F-118,Track A child negative result,,Volume 34 discovery corpus,Volume 34 (2014),Cumulative targeted search and issue-by-issue discovery scan,Research checkpoint,Communal Societies volume 34,29 PDFs; 21 relevant or contextual close reads; 5 child-danger proximity candidates,,,full extracted corpus,systematic bounded search result,"Across all 29 PDFs, complete title triage, six-family keyword scoring, five-family process screening, child-danger proximity inspection, and 21 relevant or contextual close reads found children or adolescents as alleged victims of adult discipline and deprivation, dependents, family and schooling subjects, and people near adult conflict. No source documented a persistently dangerous child as actor together with allegation, assessment, intervention, review, and later outcome.","The specified dangerous-child evidence pattern is absent from volume 34 under the recorded search, proximity, exclusion, and close-read procedure.","It does not prove that no such case exists in volumes 35-45, standalone or book-length sources, different terminology, unpublished or protected records, juvenile, educational, medical, disability, or family systems, or communities outside the journal.",Not applicable.,"Privacy, euphemism, aggregate reporting, source destruction, and routing into professional, family, juvenile, educational, disability, or medical systems may hide relevant cases from a communal-history journal.",Not applicable.,Bounded null for volume 34.,High for this completed unit; none for the full literature until the remaining journal and standalone sources are processed.,F,Research/school function / dangerous-child branch,high,no,"The cumulative bounded null now covers volumes 1-34. Children harmed, governed, moved, or represented by adults were excluded from the child-as-dangerous-actor result."
